Jour,Demande,Production_Solaire,Production_Eolienne,Production_Hydro,Production_Gaz,Production_Vapeur,Production_Cycle_Combine,Production_Totale,Categorie_Demande,Cluster,Anomalie,Demande_Predite,Decision_IA
0,5674,637,820,1566,2085,1220,1981,8309,Normale,1,Normale,5104.1,Opération Normale
1,3360,683,1316,1904,3067,854,1569,9393,Normale,2,Normale,3575.65,Opération Normale
2,3794,1924,1255,1558,2136,984,2840,10697,Normale,0,Normale,4026.32,Opération Normale
3,3630,1853,1025,1237,2420,710,1406,8651,Normale,2,Normale,4207.31,Opération Normale
4,3595,1284,1313,2127,2073,1203,2240,10240,Normale,2,Normale,3947.82,Opération Normale
5,5592,1483,800,2233,3571,543,2953,11583,Normale,1,Normale,5157.93,Opération Normale
6,4138,568,416,1553,3636,1040,1025,8238,Normale,0,Normale,4230.56,Opération Normale
7,4669,1045,685,1827,3535,1070,2838,11000,Normale,0,Normale,4573.24,Opération Normale
8,2966,552,883,1467,3179,1082,2028,9191,Normale,2,Normale,3623.19,Opération Normale
9,3738,1973,694,2477,3961,591,1985,11681,Normale,0,Normale,4238.93,Opération Normale
10,2830,704,1387,2291,3278,764,2555,10979,Normale,2,Normale,4059.08,Opération Normale
11,3982,625,1020,1385,2170,1394,1389,7983,Normale,0,Normale,4141.66,Opération Normale
12,4635,542,371,1774,3751,719,1709,8866,Normale,0,Normale,4555.66,Opération Normale
13,5944,610,573,1847,2169,1401,1570,8170,Normale,1,Normale,5607.66,Opération Normale
14,5671,1260,637,1386,3787,1424,2471,10965,Normale,1,Normale,5345.05,Opération Normale
15,5419,1706,906,1876,2871,941,1753,10053,Normale,1,Normale,4927.72,Opération Normale
16,2630,1347,465,1258,2321,900,1145,7436,Normale,2,Normale,3319.55,Opération Normale
17,4185,594,310,1282,3590,899,2411,9086,Normale,0,Normale,4296.24,Opération Normale
18,5880,1897,1028,1039,2455,1226,1784,9429,Normale,1,Normale,5399.91,Opération Normale
19,3269,1399,1100,1485,2943,1490,2272,10689,Normale,2,Normale,3608.6,Opération Normale
20,4891,859,401,1928,3626,1398,1525,9737,Normale,1,Normale,4709.23,Opération Normale
21,4015,1399,1078,1219,2789,1288,2485,10258,Normale,0,Normale,4028.09,Opération Normale
22,5985,780,513,2152,2612,1075,1012,8144,Normale,1,Anomalie,5322.92,Alerte: Baisse critique
23,5353,1718,1411,2014,3178,1357,1902,11580,Normale,1,Normale,3868.43,Opération Normale
24,4933,1718,700,2023,2888,1303,1383,10015,Normale,1,Normale,4661.06,Opération Normale
25,3715,1166,887,1612,2348,989,1555,8557,Normale,0,Normale,4272.31,Opération Normale
26,3455,592,1188,1927,3474,984,1886,10051,Normale,2,Normale,3754.53,Opération Normale
27,4824,1171,1369,1687,3899,1256,2422,11804,Normale,0,Normale,4677.3,Opération Normale
28,3684,560,891,1612,3676,969,1018,8726,Normale,2,Normale,3892.74,Opération Normale
29,2959,1133,1409,1259,3196,1073,1574,9644,Normale,2,Normale,3726.84,Opération Normale
30,5885,1574,391,1989,2009,1437,2514,9914,Normale,1,Normale,4027.45,Opération Normale
31,2521,1926,972,1965,2739,1343,1750,10695,Normale,2,Anomalie,3197.64,Alerte: Baisse critique
32,4800,1528,1013,1365,3288,1181,2003,10378,Normale,0,Normale,4589.95,Opération Normale
33,3247,1989,1235,1543,3461,944,1418,10590,Normale,2,Normale,3785.31,Opération Normale
34,5404,1103,541,1648,3783,768,2360,10203,Normale,1,Normale,4785.89,Opération Normale
35,2974,1181,301,1813,3270,766,1418,8749,Normale,2,Normale,3383.59,Opération Normale
36,3582,1033,524,2039,2666,553,2938,9753,Normale,2,Normale,3767.08,Opération Normale
37,5058,1928,1100,2152,2545,1027,2939,11691,Normale,1,Normale,4822.47,Opération Normale
38,4547,1337,888,1574,3522,1019,2635,10975,Normale,0,Normale,4428.84,Opération Normale
39,5247,1144,415,2132,2128,1115,2698,9632,Normale,1,Normale,4427.11,Opération Normale
40,3475,732,1217,2012,3695,558,2951,11165,Normale,2,Normale,3765.17,Opération Normale
41,4306,1023,1426,1669,2600,1324,1121,9163,Normale,0,Normale,4284.41,Opération Normale
42,2689,845,493,1268,2604,539,1431,7180,Normale,2,Normale,3203.54,Opération Normale
43,5505,1569,1489,2185,2326,736,1043,9348,Normale,1,Normale,4835.68,Opération Normale
44,5234,1045,1170,2283,3776,1454,2895,12623,Normale,1,Normale,4345.83,Opération Normale
45,5505,1601,389,1923,3858,885,2943,11599,Normale,1,Normale,5072.0,Opération Normale
46,3062,1596,421,2125,2979,1105,2340,10566,Normale,2,Normale,3467.66,Opération Normale
47,4399,1293,442,1246,2403,1233,1380,7997,Normale,0,Normale,4329.34,Opération Normale
48,3767,748,1293,1130,2628,1215,1144,8158,Normale,0,Normale,4125.17,Opération Normale
49,5379,546,405,1352,3629,1149,2350,9431,Normale,1,Normale,4891.37,Opération Normale
50,4028,1644,1186,1195,3698,799,1362,9884,Normale,0,Normale,4265.31,Opération Normale
51,5702,713,727,1929,3634,894,2073,9970,Normale,1,Normale,5139.27,Opération Normale
52,3146,738,616,2405,3648,706,2088,10201,Normale,2,Normale,3612.07,Opération Normale
53,4568,1579,934,2021,3382,835,1354,10105,Normale,0,Normale,4509.16,Opération Normale
54,5388,849,308,1644,3626,1092,1799,9318,Normale,1,Normale,4102.38,Opération Normale
55,4714,606,1073,1226,3881,1229,2187,10202,Normale,0,Normale,4355.59,Opération Normale
56,3797,1330,1396,1700,2717,1013,2164,10320,Normale,0,Normale,4007.84,Opération Normale
57,4935,547,522,2499,3040,677,2989,10274,Normale,1,Normale,4756.94,Opération Normale
58,3100,836,852,1264,2273,895,1825,7945,Normale,2,Normale,3636.31,Opération Normale
59,4863,1549,1015,2395,2684,870,2151,10664,Normale,0,Normale,4192.47,Opération Normale
60,4561,1303,1407,2457,2115,1357,1397,10036,Normale,0,Normale,4538.72,Opération Normale
61,2741,1780,410,1645,2860,1290,2956,10941,Normale,2,Normale,3382.8,Opération Normale
62,4541,507,550,1210,2692,1157,1879,7995,Normale,0,Normale,4440.24,Opération Normale
63,5324,1124,682,2400,3114,817,1462,9599,Normale,1,Normale,3987.31,Opération Normale
64,5917,1776,306,2418,3105,1235,2774,11614,Normale,1,Normale,5111.95,Opération Normale
65,5112,1218,758,2473,2323,868,2859,10499,Normale,1,Normale,4637.75,Opération Normale
66,5445,802,1407,1942,2960,883,1807,9801,Normale,1,Normale,3953.83,Opération Normale
67,3863,1138,507,2387,2113,561,1186,7892,Normale,0,Normale,4153.1,Opération Normale
68,4639,555,1199,1456,3792,1305,2743,11050,Normale,0,Normale,4483.29,Opération Normale
69,3890,1225,321,1724,3081,1004,1731,9086,Normale,0,Normale,3865.77,Opération Normale
70,5503,1025,709,2249,2153,738,2935,9809,Normale,1,Normale,4262.65,Opération Normale
71,3978,973,1194,1981,3900,694,2213,10955,Normale,0,Normale,4051.3,Opération Normale
72,5999,527,814,2154,3427,1177,2411,10510,Normale,1,Anomalie,4188.7,Alerte: Baisse critique
73,5056,577,1450,1587,3651,1462,1428,10155,Normale,1,Normale,4427.88,Opération Normale
74,3275,1739,1108,1475,3878,721,1857,10778,Normale,2,Normale,3693.45,Opération Normale
75,2534,1909,1173,1985,3289,560,2307,11223,Normale,2,Anomalie,3434.91,Alerte: Baisse critique
76,4753,864,313,2300,2314,628,2887,9306,Normale,0,Normale,4250.58,Opération Normale
77,5652,1165,1270,1155,3738,1489,1236,10053,Normale,1,Normale,5219.02,Opération Normale
78,4455,1025,1277,2241,3064,1184,2217,11008,Normale,0,Normale,4525.88,Opération Normale
79,4085,1198,1313,1189,2104,1491,2310,9605,Normale,0,Normale,4154.53,Opération Normale
80,5959,1835,1335,2440,3924,655,1770,11959,Normale,1,Anomalie,5455.08,Alerte: Baisse critique
81,5573,1382,386,1980,3913,1416,1757,10834,Normale,1,Normale,5083.57,Opération Normale
82,3521,1530,1208,1545,3216,877,1135,9511,Normale,2,Normale,4032.18,Opération Normale
83,5961,1526,421,1040,3424,1121,1791,9323,Normale,1,Anomalie,5115.41,Alerte: Baisse critique
84,5113,1418,1470,1306,3301,1280,2806,11581,Normale,1,Normale,4563.37,Opération Normale
85,3629,1249,1049,1942,2353,1422,1170,9185,Normale,2,Normale,3846.26,Opération Normale
86,4000,862,984,1337,3015,1367,1158,8723,Normale,0,Normale,4166.65,Opération Normale
87,3202,1797,608,2337,3772,1402,1200,11116,Normale,2,Normale,3826.0,Opération Normale
88,4949,1305,994,2098,3960,1289,2510,12156,Normale,1,Normale,4646.25,Opération Normale
89,5277,1238,587,1952,2732,1085,2580,10174,Normale,1,Normale,4909.92,Opération Normale
90,4079,1538,606,1278,3603,1498,1961,10484,Normale,0,Normale,4287.81,Opération Normale
91,2661,1715,1213,2199,2708,936,2799,11570,Normale,2,Normale,3181.82,Opération Normale
92,2701,984,961,1895,3279,1474,1582,10175,Normale,2,Normale,3266.38,Opération Normale
93,4481,527,848,1272,2650,706,2527,8530,Normale,0,Normale,4165.47,Opération Normale
94,3495,1213,611,1836,2823,887,1875,9245,Normale,2,Normale,3730.13,Opération Normale
95,4817,1562,1172,1619,2946,979,1370,9648,Normale,0,Normale,4777.42,Opération Normale
96,3315,1796,1382,1861,2660,1290,1102,10091,Normale,2,Normale,4259.58,Opération Normale
97,5842,1754,1223,1930,2098,1386,2001,10392,Normale,1,Normale,5273.68,Opération Normale
98,2955,585,1054,1288,2587,1337,2148,8999,Normale,2,Normale,3473.57,Opération Normale
99,3775,1997,334,1723,2281,1483,2336,10154,Normale,0,Normale,4009.7,Opération Normale
100,3516,625,744,1892,3906,839,1975,9981,Normale,2,Normale,3801.03,Opération Normale
101,4843,1311,392,1271,2402,1368,1797,8541,Normale,0,Normale,4267.54,Opération Normale
102,5267,1036,652,2089,3132,839,2481,10229,Normale,1,Normale,4784.97,Opération Normale
103,2837,644,1202,1482,2699,703,2253,8983,Normale,2,Normale,3422.38,Opération Normale
104,3378,1735,1161,1935,2198,660,1657,9346,Normale,2,Normale,3726.75,Opération Normale
105,3576,524,458,1247,3326,1039,1881,8475,Normale,2,Normale,3877.19,Opération Normale
106,3291,1917,1256,1155,2326,891,2220,9765,Normale,2,Normale,3891.61,Opération Normale
107,4764,566,323,2070,2153,1268,2908,9288,Normale,0,Normale,4172.69,Opération Normale
108,3263,732,703,1453,2551,1176,1732,8347,Normale,2,Normale,3621.64,Opération Normale
109,4735,608,1104,1200,3668,1074,1422,9076,Normale,0,Normale,4619.3,Opération Normale
110,2879,1669,815,1123,2404,1033,1571,8615,Normale,2,Normale,4560.45,Opération Normale
111,2992,610,1031,1000,2461,569,2633,8304,Normale,2,Normale,3462.64,Opération Normale
112,5612,727,831,1967,2131,1392,1170,8218,Normale,1,Normale,4936.2,Opération Normale
113,3680,610,1255,1854,2790,904,2405,9818,Normale,2,Normale,3819.44,Opération Normale
114,4562,1993,451,1639,2873,1107,1172,9235,Normale,0,Normale,4567.06,Opération Normale
115,2564,533,1246,1190,2083,1174,1662,7888,Normale,2,Anomalie,3282.72,Alerte: Baisse critique
116,5068,1122,907,1515,3422,1090,1452,9508,Normale,1,Normale,4772.92,Opération Normale
117,3867,1892,719,1441,2753,1016,1349,9170,Normale,0,Normale,4154.4,Opération Normale
118,3652,1247,1440,1142,2627,1327,2925,10708,Normale,2,Normale,3784.74,Opération Normale
119,4527,1094,1165,2214,3132,619,2975,11199,Normale,0,Normale,4353.11,Opération Normale
120,5195,924,877,1532,2220,1313,2657,9523,Normale,1,Normale,3942.23,Opération Normale
121,3995,1112,634,1226,3927,1189,1493,9581,Normale,0,Normale,4230.27,Opération Normale
122,5634,1191,1231,2336,2552,1187,1619,10116,Normale,1,Normale,5255.66,Opération Normale
123,3662,1805,594,1948,3391,1401,2027,11166,Normale,2,Normale,3981.04,Opération Normale
124,4022,1843,1054,2325,3170,716,2116,11224,Normale,0,Normale,4009.84,Opération Normale
125,5140,1966,485,1459,2111,555,1918,8494,Normale,1,Normale,4866.21,Opération Normale
126,2891,814,936,2424,2614,865,1005,8658,Normale,2,Normale,3257.57,Opération Normale
127,4198,1376,829,1550,3581,1198,1287,9821,Normale,0,Normale,4273.05,Opération Normale
128,2918,1900,320,1392,2923,1003,2641,10179,Normale,2,Normale,3408.14,Opération Normale
129,4836,1812,1210,1844,3517,1243,2169,11795,Normale,0,Normale,4754.78,Opération Normale
130,2878,1960,1166,2230,3528,1266,2806,12956,Normale,2,Normale,3352.22,Opération Normale
131,4296,1161,1093,1209,2474,1424,2447,9808,Normale,0,Normale,4220.5,Opération Normale
132,4778,776,399,2138,2835,954,2913,10015,Normale,0,Normale,4481.16,Opération Normale
133,5565,1123,1051,1645,3913,603,1607,9942,Normale,1,Normale,5187.06,Opération Normale
134,4588,1015,777,2274,2270,576,1456,8368,Normale,0,Normale,4420.54,Opération Normale
135,5599,1873,1239,1218,2420,729,2764,10243,Normale,1,Normale,5090.25,Opération Normale
136,4682,1342,825,1406,3920,1413,2225,11131,Normale,0,Normale,4369.1,Opération Normale
137,2700,1969,633,2466,2706,757,2235,10766,Normale,2,Normale,4278.71,Opération Normale
138,4363,849,301,2377,3390,763,2029,9709,Normale,0,Normale,4185.13,Opération Normale
139,3279,1322,674,1887,3303,830,1623,9639,Normale,2,Normale,4319.46,Opération Normale
140,5477,1660,592,1557,3306,1492,1375,9982,Normale,1,Normale,5004.46,Opération Normale
141,5604,1258,1136,1549,2039,681,2914,9577,Normale,1,Normale,4937.45,Opération Normale
142,5619,1398,1304,1141,3982,1392,1446,10663,Normale,1,Normale,5266.64,Opération Normale
143,3002,742,852,1611,2188,1267,1834,8494,Normale,2,Normale,3519.98,Opération Normale
144,4954,1042,617,1500,3187,1049,2129,9524,Normale,1,Normale,4589.39,Opération Normale
145,4251,1563,680,1839,2993,1187,2674,10936,Normale,0,Normale,4244.32,Opération Normale
146,3304,728,313,1701,3559,526,1810,8637,Normale,2,Normale,3740.32,Opération Normale
147,4646,1047,803,1595,2535,775,2424,9179,Normale,0,Normale,4417.58,Opération Normale
148,5231,1419,530,1280,3027,1151,2119,9526,Normale,1,Normale,4749.7,Opération Normale
149,4395,1746,1407,1423,3858,798,2411,11643,Normale,0,Normale,4485.08,Opération Normale
150,5273,505,429,1855,2289,1456,1958,8492,Normale,1,Normale,4980.31,Opération Normale
151,4070,1845,1137,1269,3976,1298,2475,12000,Normale,0,Normale,4338.26,Opération Normale
152,3460,967,1468,1153,2432,590,1848,8458,Normale,2,Normale,3946.32,Opération Normale
153,5160,574,1190,1613,2470,979,1808,8634,Normale,1,Normale,4669.33,Opération Normale
154,3985,503,327,1661,3204,1072,1978,8745,Normale,0,Normale,4198.96,Opération Normale
155,5190,1145,365,1082,3271,957,2924,9744,Normale,1,Normale,4874.78,Opération Normale
156,3528,617,1486,1946,2627,950,1415,9041,Normale,2,Normale,3645.91,Opération Normale
157,5789,1380,560,1898,2278,864,1725,8705,Normale,1,Normale,4816.51,Opération Normale
158,3002,1003,759,2449,2876,1358,2527,10972,Normale,2,Normale,4457.16,Opération Normale
159,5314,1446,600,2298,2580,1174,1453,9551,Normale,1,Normale,4978.58,Opération Normale
160,2897,1073,1218,1283,2862,850,2314,9600,Normale,2,Normale,3320.34,Opération Normale
161,3370,1964,586,1979,2253,1154,2557,10493,Normale,2,Normale,3801.46,Opération Normale
162,5342,693,1333,1172,2180,899,2216,8493,Normale,1,Normale,4919.75,Opération Normale
163,2892,1346,929,2350,3853,752,1149,10379,Normale,2,Normale,3515.4,Opération Normale
164,2706,1214,569,2086,2680,1280,2903,10732,Normale,2,Normale,3466.5,Opération Normale
165,3538,1915,891,2096,2824,1380,1758,10864,Normale,2,Normale,3727.99,Opération Normale
166,4381,1549,1143,1762,3532,1302,1778,11066,Normale,0,Normale,4282.69,Opération Normale
167,5439,1958,1161,2398,3784,958,1972,12231,Normale,1,Normale,4973.98,Opération Normale
168,3984,672,432,1632,2699,1198,1762,8395,Normale,0,Normale,4295.47,Opération Normale
169,3363,1823,1271,1786,2565,1416,2001,10862,Normale,2,Normale,3782.5,Opération Normale
170,5290,825,812,1942,3349,998,2538,10464,Normale,1,Normale,4665.13,Opération Normale
171,5812,1933,612,2011,3380,1449,2416,11801,Normale,1,Normale,4910.01,Opération Normale
172,3063,1641,875,1397,3848,1470,2339,11570,Normale,2,Normale,3681.86,Opération Normale
173,3520,1335,1185,2143,3673,1425,1075,10836,Normale,2,Normale,3820.2,Opération Normale
174,2595,1223,1444,1933,2679,1007,1598,9884,Normale,2,Anomalie,4021.48,Alerte: Baisse critique
175,4423,724,1430,2460,2390,803,2293,10100,Normale,0,Normale,4501.51,Opération Normale
176,4257,1031,986,1675,3638,1000,1224,9554,Normale,0,Normale,4388.61,Opération Normale
177,5032,612,464,1935,3957,1302,2553,10823,Normale,1,Normale,4885.52,Opération Normale
178,5978,639,604,1464,3108,1097,1112,8024,Normale,1,Anomalie,5349.63,Alerte: Baisse critique
179,4778,1058,455,1285,3340,665,1250,8053,Normale,0,Normale,4279.63,Opération Normale
180,5296,500,919,1264,2211,914,2256,8064,Normale,1,Normale,4760.37,Opération Normale
181,4178,589,1256,1319,3538,961,1840,9503,Normale,0,Normale,4146.73,Opération Normale
182,5742,1153,633,1672,2383,1419,2814,10074,Normale,1,Normale,5265.74,Opération Normale
183,3040,819,1268,2399,3714,613,1713,10526,Normale,2,Normale,3467.22,Opération Normale
184,3559,638,810,1819,2341,932,2106,8646,Normale,2,Normale,4323.45,Opération Normale
185,5072,1344,1343,1088,3838,1491,1124,10228,Normale,1,Normale,5009.77,Opération Normale
186,3683,758,581,2226,3987,855,2198,10605,Normale,2,Normale,3848.64,Opération Normale
187,4222,1401,1096,1820,2843,1427,2092,10679,Normale,0,Normale,4114.14,Opération Normale
188,5814,1189,1324,2000,3061,1194,2070,10838,Normale,1,Normale,5154.94,Opération Normale
189,5657,509,418,1333,3534,706,1883,8383,Normale,1,Normale,5138.74,Opération Normale
190,4319,760,1358,1221,2419,1267,2279,9304,Normale,0,Normale,4412.75,Opération Normale
191,5125,671,497,1040,2750,734,2750,8442,Normale,1,Normale,4568.6,Opération Normale
192,5229,1397,784,1067,3192,941,1029,8410,Normale,1,Normale,4943.58,Opération Normale
193,5104,512,1382,1987,3988,854,1280,10003,Normale,1,Normale,4936.35,Opération Normale
194,4097,1691,1136,1513,3932,1014,1923,11209,Normale,0,Normale,4100.91,Opération Normale
195,5560,820,1484,2150,3366,707,2260,10787,Normale,1,Normale,4922.76,Opération Normale
196,5193,1842,1308,2278,3849,1208,2271,12756,Normale,1,Normale,4864.0,Opération Normale
197,3295,828,990,1694,2305,1352,1367,8536,Normale,2,Normale,3638.98,Opération Normale
198,3551,1284,1335,2039,3565,624,1494,10341,Normale,2,Normale,4253.15,Opération Normale
199,4143,1276,789,1476,2701,637,2048,8927,Normale,0,Normale,3909.48,Opération Normale
200,3863,1410,575,2085,2868,838,2609,10385,Normale,0,Normale,3951.71,Opération Normale
201,4481,1942,992,1880,2536,1036,1717,10103,Normale,0,Normale,4487.84,Opération Normale
202,3854,1618,541,1431,3135,567,2513,9805,Normale,0,Normale,3782.48,Opération Normale
203,4163,817,425,1267,3434,1072,2016,9031,Normale,0,Normale,4166.1,Opération Normale
204,4029,735,516,2058,3970,1040,2517,10836,Normale,0,Normale,4234.34,Opération Normale
205,4538,833,1362,1778,2205,882,2337,9397,Normale,0,Normale,4420.79,Opération Normale
206,5919,875,794,1493,3208,518,1605,8493,Normale,1,Normale,5059.92,Opération Normale
207,3996,1982,726,2492,3405,1182,1374,11161,Normale,0,Normale,4003.9,Opération Normale
208,5802,1660,1218,1660,2495,949,1638,9620,Normale,1,Normale,4340.76,Opération Normale
209,4737,1087,450,2348,3402,573,2960,10820,Normale,0,Normale,4432.05,Opération Normale
210,5796,1012,683,2327,3070,1072,2048,10212,Normale,1,Normale,4459.58,Opération Normale
211,3908,1819,607,2299,3909,1438,2357,12429,Normale,0,Normale,4047.57,Opération Normale
212,3900,1843,1045,2012,3763,1164,2378,12205,Normale,0,Normale,4127.51,Opération Normale
213,3806,1417,1191,2224,3574,775,1115,10296,Normale,0,Normale,4000.37,Opération Normale
214,5180,1872,674,2468,3551,547,1047,10159,Normale,1,Normale,4799.81,Opération Normale
215,5175,1372,1331,2347,2503,710,2761,11024,Normale,1,Normale,4184.92,Opération Normale
216,3472,1752,428,2058,3045,1354,2801,11438,Normale,2,Normale,3785.12,Opération Normale
217,4268,769,1314,1976,2212,1419,1098,8788,Normale,0,Normale,4397.63,Opération Normale
218,3782,1297,968,1481,2309,1150,2482,9687,Normale,0,Normale,4293.04,Opération Normale
219,5930,1814,816,1727,2660,1121,2546,10684,Normale,1,Normale,5397.78,Opération Normale
220,3209,1224,385,1479,3991,1493,2620,11192,Normale,2,Normale,4041.8,Opération Normale
221,3979,1688,1498,2088,2752,1194,1404,10624,Normale,0,Normale,4370.03,Opération Normale
222,3934,504,610,2031,2271,1039,2237,8692,Normale,0,Normale,4279.93,Opération Normale
223,3148,1350,1442,2324,3594,1208,1684,11602,Normale,2,Normale,3690.05,Opération Normale
224,2817,1902,726,1342,3822,690,1902,10384,Normale,2,Normale,3461.1,Opération Normale
225,5796,577,413,2454,2937,814,1502,8697,Normale,1,Normale,5277.78,Opération Normale
226,3757,1933,1468,2447,3225,1400,2744,13217,Normale,0,Normale,3846.74,Opération Normale
227,3183,1073,602,1331,2031,1062,2471,8570,Normale,2,Normale,3972.41,Opération Normale
228,3163,631,1043,1437,2442,1160,1893,8606,Normale,2,Normale,3790.86,Opération Normale
229,4498,1100,887,1173,2161,1279,2599,9199,Normale,0,Normale,4295.0,Opération Normale
230,5945,1565,1286,1558,2766,1061,1257,9493,Normale,1,Normale,5503.47,Opération Normale
231,4131,588,644,1526,2253,1399,1843,8253,Normale,0,Normale,4440.11,Opération Normale
232,3995,901,1113,1658,2520,1257,1120,8569,Normale,0,Normale,4187.58,Opération Normale
233,5804,795,1100,1025,2976,612,1809,8317,Normale,1,Normale,5414.66,Opération Normale
234,3636,1818,1324,1819,3674,669,1977,11281,Normale,2,Normale,4089.25,Opération Normale
235,4353,1115,1470,1604,3503,967,1053,9712,Normale,0,Normale,4292.3,Opération Normale
236,4020,1299,1376,1405,2009,1177,2018,9284,Normale,0,Normale,4064.42,Opération Normale
237,4989,921,1392,1231,2725,1420,2354,10043,Normale,1,Normale,4279.91,Opération Normale
238,3063,1546,660,1532,2504,513,1783,8538,Normale,2,Normale,3730.64,Opération Normale
239,3791,1074,1309,1504,2784,1214,1240,9125,Normale,0,Normale,4157.76,Opération Normale
240,5957,642,1003,1178,3859,787,2778,10247,Normale,1,Anomalie,5277.88,Alerte: Baisse critique
241,5958,1492,874,1131,3583,1406,2553,11039,Normale,1,Anomalie,5354.17,Alerte: Baisse critique
242,5684,1164,1484,2478,2435,688,1482,9731,Normale,1,Normale,5254.28,Opération Normale
243,4136,644,1412,1347,3134,1413,2012,9962,Normale,0,Normale,4000.98,Opération Normale
244,5499,1748,987,1539,2152,654,1186,8266,Normale,1,Normale,4342.57,Opération Normale
245,5652,1506,1080,1771,3658,1066,2881,11962,Normale,1,Normale,5211.15,Opération Normale
246,3198,1002,884,2429,2916,1193,1655,10079,Normale,2,Normale,3669.5,Opération Normale
247,4660,1320,888,1075,2868,1221,1261,8633,Normale,0,Normale,4551.63,Opération Normale
248,2501,603,1482,1578,3125,1387,1952,10127,Normale,2,Anomalie,3116.63,Alerte: Baisse critique
249,3141,1562,788,1853,2752,970,2387,10312,Normale,2,Normale,3584.51,Opération Normale
250,4767,697,1270,1193,3856,574,1490,9080,Normale,0,Normale,4626.62,Opération Normale
251,4089,1078,1425,2185,3214,776,1430,10108,Normale,0,Normale,4067.01,Opération Normale
252,3354,890,793,1346,3752,1439,1238,9458,Normale,2,Normale,3676.75,Opération Normale
253,4259,1702,318,1950,2562,1144,1303,8979,Normale,0,Normale,4216.77,Opération Normale
254,5796,1053,696,2384,3827,842,1297,10099,Normale,1,Normale,4011.9,Opération Normale
255,4932,1971,1300,2110,3104,924,1075,10484,Normale,1,Normale,4673.6,Opération Normale
256,5974,1538,1150,2285,2488,1070,2723,11254,Normale,1,Anomalie,4666.63,Alerte: Baisse critique
257,4161,1812,1121,1213,2894,1010,2356,10406,Normale,0,Normale,4194.79,Opération Normale
258,3653,977,754,1572,3111,1356,2923,10693,Normale,2,Normale,3639.12,Opération Normale
259,3576,1754,1024,1779,3217,681,1998,10453,Normale,2,Normale,4496.14,Opération Normale
260,4207,1422,1388,1261,2103,957,2781,9912,Normale,0,Normale,4497.88,Opération Normale
261,5277,919,1399,1729,3806,1417,1641,10911,Normale,1,Normale,4229.12,Opération Normale
262,4195,656,1010,1282,3119,1350,2497,9914,Normale,0,Normale,4220.07,Opération Normale
263,4233,1049,442,2490,3446,1332,1826,10585,Normale,0,Normale,4305.83,Opération Normale
264,3939,1964,1216,2403,3914,563,2946,13006,Normale,0,Normale,4187.9,Opération Normale
265,4794,1620,1127,1361,3221,1338,1282,9949,Normale,0,Normale,4215.3,Opération Normale
266,3335,1520,904,2472,3024,759,1590,10269,Normale,2,Normale,3569.7,Opération Normale
267,2702,1496,604,1440,3006,692,1071,8309,Normale,2,Normale,3577.15,Opération Normale
268,5755,1934,1035,1092,2406,1154,2286,9907,Normale,1,Normale,5278.7,Opération Normale
269,2622,1450,590,1752,3401,1115,1702,10010,Normale,2,Anomalie,3230.42,Alerte: Baisse critique
270,2900,788,401,1866,2166,1471,2902,9594,Normale,2,Normale,3380.79,Opération Normale
271,3266,1777,1166,2447,2508,905,2910,11713,Normale,2,Normale,3661.33,Opération Normale
272,2793,695,1267,1141,3661,1225,2965,10954,Normale,2,Normale,3311.83,Opération Normale
273,4827,1097,1273,2314,2312,1253,1574,9823,Normale,0,Normale,4801.36,Opération Normale
274,5431,1016,1141,2455,3616,1442,1999,11669,Normale,1,Normale,5053.94,Opération Normale
275,2697,1364,1261,1748,3441,1220,1891,10925,Normale,2,Normale,4243.75,Opération Normale
276,5529,1641,1241,1652,2762,592,1011,8899,Normale,1,Normale,5062.58,Opération Normale
277,4430,1305,1326,1700,2680,929,1140,9080,Normale,0,Normale,4471.78,Opération Normale
278,5299,1682,384,1997,2476,1153,2789,10481,Normale,1,Normale,4933.63,Opération Normale
279,4691,1314,627,1048,2072,933,2578,8572,Normale,0,Normale,4426.64,Opération Normale
280,3108,727,1115,2325,3164,903,1016,9250,Normale,2,Normale,4370.74,Opération Normale
281,5772,715,753,1880,2581,933,2086,8948,Normale,1,Normale,3971.13,Opération Normale
282,3647,1447,928,2213,2261,611,1252,8712,Normale,2,Normale,3780.95,Opération Normale
283,2686,514,1477,2159,3363,1428,1464,10405,Normale,2,Normale,3056.7,Opération Normale
284,5897,1680,964,1554,3331,874,1375,9778,Normale,1,Normale,5317.96,Opération Normale
285,5011,1784,311,1403,2244,558,2827,9127,Normale,1,Normale,4810.16,Opération Normale
286,5920,1680,1456,1891,3538,542,1980,11087,Normale,1,Normale,5455.39,Opération Normale
287,4294,546,603,1864,3360,706,1519,8598,Normale,0,Normale,4157.37,Opération Normale
288,3159,823,1274,1601,3598,1279,2860,11435,Normale,2,Normale,3436.36,Opération Normale
289,5311,1343,1082,1340,2560,795,1089,8209,Normale,1,Normale,4520.44,Opération Normale
290,5502,629,342,1703,3099,617,1719,8109,Normale,1,Normale,4876.17,Opération Normale
291,4455,1934,1243,1317,3903,1031,1803,11231,Normale,0,Normale,4423.04,Opération Normale
292,4950,594,642,1617,2174,721,1795,7543,Normale,1,Normale,4273.91,Opération Normale
293,3869,1126,797,2386,2108,665,1629,8711,Normale,0,Normale,3934.31,Opération Normale
294,4486,1254,663,1381,2182,1142,2884,9506,Normale,0,Normale,4420.65,Opération Normale
295,4034,1815,1190,1232,2191,655,2198,9281,Normale,0,Normale,4295.07,Opération Normale
296,2646,1293,726,2367,2064,683,1075,8208,Normale,2,Anomalie,4079.55,Alerte: Baisse critique
297,5719,1806,1304,1816,3872,589,2636,12023,Normale,1,Normale,5339.85,Opération Normale
298,5411,568,320,1552,2962,593,1925,7920,Normale,1,Normale,4302.3,Opération Normale
299,4234,510,706,1855,3497,512,2686,9766,Normale,0,Normale,4413.6,Opération Normale
300,4343,1777,918,1818,3806,1472,1399,11190,Normale,0,Normale,4173.5,Opération Normale
301,2988,1371,1314,1182,3123,1333,2805,11128,Normale,2,Normale,3251.16,Opération Normale
302,5476,1049,635,2064,3567,1304,1969,10588,Normale,1,Normale,5225.53,Opération Normale
303,4459,1657,1440,1396,2863,1444,2094,10894,Normale,0,Normale,4278.58,Opération Normale
304,4163,1211,1447,1778,3151,1241,2203,11031,Normale,0,Normale,4200.89,Opération Normale
305,5098,522,698,1906,3475,1333,2147,10081,Normale,1,Normale,4746.04,Opération Normale
306,4885,1314,1092,2356,3937,1303,2404,12406,Normale,1,Normale,4784.68,Opération Normale
307,5419,845,1014,1126,2368,937,2316,8606,Normale,1,Normale,4322.55,Opération Normale
308,3140,801,350,1000,2850,1037,1796,7834,Normale,2,Normale,3549.69,Opération Normale
309,4302,862,623,2191,2042,1086,1194,7998,Normale,0,Normale,4860.02,Opération Normale
310,5020,895,1088,1018,3907,1467,2934,11309,Normale,1,Normale,4253.97,Opération Normale
311,4469,717,440,2355,3442,1375,1227,9556,Normale,0,Normale,4366.01,Opération Normale
312,4698,640,769,1583,2487,1435,2454,9368,Normale,0,Normale,4537.07,Opération Normale
313,3938,1457,1086,1455,2077,1310,2965,10350,Normale,0,Normale,4130.06,Opération Normale
314,5869,1733,1263,1956,2825,649,2459,10885,Normale,1,Normale,3979.48,Opération Normale
315,4134,1484,1307,2132,3824,1159,2810,12716,Normale,0,Normale,4369.98,Opération Normale
316,2762,1492,672,2291,3293,507,1460,9715,Normale,2,Normale,3492.3,Opération Normale
317,4287,1327,793,1444,2673,528,1617,8382,Normale,0,Normale,4381.92,Opération Normale
318,4691,1182,1050,2263,2700,795,2044,10034,Normale,0,Normale,4204.69,Opération Normale
319,4893,1983,1479,2324,2758,1485,1063,11092,Normale,1,Normale,4118.13,Opération Normale
320,3123,1503,590,1601,3923,1425,1164,10206,Normale,2,Normale,3548.1,Opération Normale
321,3516,855,1467,1102,2727,1220,1026,8397,Normale,2,Normale,4320.55,Opération Normale
322,3380,1507,405,1987,3338,1139,2334,10710,Normale,2,Normale,3774.39,Opération Normale
323,4549,1847,969,2273,2924,839,2011,10863,Normale,0,Normale,4385.14,Opération Normale
324,5444,1656,301,2476,3874,1127,1284,10718,Normale,1,Normale,4945.73,Opération Normale
325,3827,1387,888,1519,2901,938,2683,10316,Normale,0,Normale,4006.72,Opération Normale
326,4801,626,943,2176,2888,643,1280,8556,Normale,0,Normale,4247.63,Opération Normale
327,2952,1629,389,1858,2992,1441,1837,10146,Normale,2,Normale,4425.98,Opération Normale
328,5608,1508,649,1173,3968,1329,1830,10457,Normale,1,Normale,4322.38,Opération Normale
329,3683,1103,1431,2366,3191,1246,2187,11524,Normale,2,Normale,3988.96,Opération Normale
330,5562,1901,1362,2004,2338,1018,2921,11544,Normale,1,Normale,5085.52,Opération Normale
331,4556,1513,1208,1430,2192,1475,1917,9735,Normale,0,Normale,4322.6,Opération Normale
332,5804,550,458,1726,3476,544,1223,7977,Normale,1,Normale,4212.83,Opération Normale
333,5670,1552,1258,1849,2282,1454,1783,10178,Normale,1,Normale,4780.13,Opération Normale
334,4182,1985,611,2347,3359,738,2169,11209,Normale,0,Normale,4266.85,Opération Normale
335,5363,1819,744,1989,2389,1451,1964,10356,Normale,1,Normale,5079.23,Opération Normale
336,4755,1820,597,1638,2999,1443,1949,10446,Normale,0,Normale,4681.91,Opération Normale
337,3654,1278,1251,1419,2524,654,2891,10017,Normale,2,Normale,3759.55,Opération Normale
338,2903,1930,335,1593,3263,680,2053,9854,Normale,2,Normale,3314.17,Opération Normale
339,4699,1313,1407,1484,3855,714,1044,9817,Normale,0,Normale,4623.3,Opération Normale
340,4601,1928,1495,1411,3981,587,2810,12212,Normale,0,Normale,4776.47,Opération Normale
341,5691,1869,858,1935,3506,755,1470,10393,Normale,1,Normale,5429.76,Opération Normale
342,4196,919,1190,2107,2658,1010,1033,8917,Normale,0,Normale,4261.38,Opération Normale
343,3127,1705,440,2136,2715,572,1652,9220,Normale,2,Normale,3463.25,Opération Normale
344,3086,1482,1186,1331,3615,1430,2450,11494,Normale,2,Normale,3621.42,Opération Normale
345,4148,1324,1441,2401,2890,678,1829,10563,Normale,0,Normale,4061.23,Opération Normale
346,3943,1524,1025,1654,3578,711,2909,11401,Normale,0,Normale,4564.92,Opération Normale
347,3945,1066,1349,1040,3481,1304,1220,9460,Normale,0,Normale,4169.05,Opération Normale
348,2603,870,820,1958,3112,733,2891,10384,Normale,2,Anomalie,3394.92,Alerte: Baisse critique
349,2753,1435,309,1104,3683,964,1533,9028,Normale,2,Normale,3298.09,Opération Normale
350,5798,1160,1283,1201,3118,1250,1691,9703,Normale,1,Normale,5382.66,Opération Normale
351,5683,1954,677,1449,2451,722,2971,10224,Normale,1,Normale,4348.62,Opération Normale
352,5057,1468,981,2289,2427,1130,2390,10685,Normale,1,Normale,4991.88,Opération Normale
353,3996,1832,883,1909,3174,1324,1931,11053,Normale,0,Normale,4174.42,Opération Normale
354,2598,1660,451,1209,3537,763,1840,9460,Normale,2,Anomalie,3138.04,Alerte: Baisse critique
355,4700,701,1019,1562,3399,706,2766,10153,Normale,0,Normale,4458.53,Opération Normale
356,4384,1959,1372,2141,3045,1106,2010,11633,Normale,0,Normale,4568.7,Opération Normale
357,5461,812,1477,1712,2882,1384,2938,11205,Normale,1,Normale,4665.37,Opération Normale
358,4419,616,1158,2400,2312,1233,2573,10292,Normale,0,Normale,4389.61,Opération Normale
359,3377,1436,349,1770,2839,865,1581,8840,Normale,2,Normale,3536.83,Opération Normale
360,2837,1074,963,2107,2518,775,2139,9576,Normale,2,Normale,3245.75,Opération Normale
361,5369,743,830,1453,3229,879,1238,8372,Normale,1,Normale,4590.5,Opération Normale
362,5734,1036,1383,1666,3975,1242,2358,11660,Normale,1,Normale,5272.6,Opération Normale
363,3456,574,1490,1628,2374,808,1440,8314,Normale,2,Normale,4320.95,Opération Normale
364,4204,885,1156,1386,2450,1130,1147,8154,Normale,0,Normale,4401.23,Opération Normale
365,2660,1733,445,2373,3649,767,2032,10999,Normale,2,Normale,3971.91,Opération Normale
366,4103,974,1214,1295,3807,1444,2311,11045,Normale,0,Normale,4159.41,Opération Normale
367,5348,917,1292,1257,3014,1284,1387,9151,Normale,1,Normale,5095.11,Opération Normale
368,2897,846,541,2104,2594,563,2073,8721,Normale,2,Normale,3022.89,Opération Normale
369,3800,1139,880,1267,3202,1309,2873,10670,Normale,0,Normale,3735.68,Opération Normale
370,3315,1438,986,1418,3233,849,2540,10464,Normale,2,Normale,4157.74,Opération Normale
371,4027,1454,782,1234,2499,1424,1915,9308,Normale,0,Normale,4361.51,Opération Normale
372,4419,1375,1431,2334,2463,1414,2878,11895,Normale,0,Normale,4266.67,Opération Normale
373,3915,1262,972,1985,3863,993,1637,10712,Normale,0,Normale,4169.68,Opération Normale
374,3658,1702,930,2380,3147,1022,2610,11791,Normale,2,Normale,3845.15,Opération Normale
375,3718,1705,960,2236,2112,597,2700,10310,Normale,0,Normale,3845.08,Opération Normale
376,2900,1163,961,1573,3035,1445,1277,9454,Normale,2,Normale,3315.96,Opération Normale
377,3139,524,1104,1048,3149,570,2977,9372,Normale,2,Normale,4147.35,Opération Normale
378,5604,1703,718,2150,3588,863,2859,11881,Normale,1,Normale,5101.62,Opération Normale
379,5235,1209,1287,1222,2330,1069,1988,9105,Normale,1,Normale,5094.75,Opération Normale
380,2959,1684,1483,1920,3924,1301,2323,12635,Normale,2,Normale,3686.02,Opération Normale
381,3454,676,949,2302,3306,1262,2825,11320,Normale,2,Normale,3614.66,Opération Normale
382,2969,784,1268,2431,2139,775,1588,8985,Normale,2,Normale,4255.55,Opération Normale
383,5946,562,889,2317,3424,549,2833,10574,Normale,1,Normale,5147.99,Opération Normale
384,3545,1502,1400,1276,2901,857,1648,9584,Normale,2,Normale,3870.66,Opération Normale
385,5297,1161,808,2461,3120,1227,1617,10394,Normale,1,Normale,4765.91,Opération Normale
386,4193,1165,740,2130,2516,1405,2630,10586,Normale,0,Normale,4124.32,Opération Normale
387,4585,655,1220,1419,2568,1427,1134,8423,Normale,0,Normale,4341.08,Opération Normale
388,4777,1992,1069,1610,3947,1063,1579,11260,Normale,0,Normale,4651.58,Opération Normale
389,5936,1572,562,2452,2845,1282,2170,10883,Normale,1,Normale,4980.47,Opération Normale
390,3062,1466,936,1374,3092,984,1489,9341,Normale,2,Normale,3623.29,Opération Normale
391,4985,1348,1490,1072,2117,583,1477,8087,Normale,1,Normale,4797.5,Opération Normale
392,4299,1607,758,2053,2887,1398,2182,10885,Normale,0,Normale,4256.28,Opération Normale
393,5854,1884,1298,2211,3082,1304,1383,11162,Normale,1,Normale,5060.76,Opération Normale
394,4574,1188,999,2387,3056,1137,1162,9929,Normale,0,Normale,4698.09,Opération Normale
395,2725,647,601,2474,3341,1307,1440,9810,Normale,2,Normale,3307.0,Opération Normale
396,5848,841,1425,1194,2049,1083,2876,9468,Normale,1,Normale,5200.06,Opération Normale
397,3297,975,853,2179,3903,795,2212,10917,Normale,2,Normale,3450.93,Opération Normale
398,4831,1586,587,2195,3512,735,1414,10029,Normale,0,Normale,4498.65,Opération Normale
399,5426,1883,1490,1846,2018,555,2362,10154,Normale,1,Normale,4948.96,Opération Normale
400,3459,1060,920,2064,2725,1418,2630,10817,Normale,2,Normale,3609.77,Opération Normale
401,4004,826,1305,2086,2196,859,2204,9476,Normale,0,Normale,4096.9,Opération Normale
402,2952,1664,335,1022,3914,1406,1287,9628,Normale,2,Normale,3633.64,Opération Normale
403,5567,1489,1043,1359,3473,609,2857,10830,Normale,1,Normale,5215.3,Opération Normale
404,3315,714,652,2098,2558,691,1186,7899,Normale,2,Normale,3619.06,Opération Normale
405,3158,934,372,1559,3702,1403,2907,10877,Normale,2,Normale,3562.83,Opération Normale
406,3046,1451,947,1671,2451,592,2161,9273,Normale,2,Normale,3494.38,Opération Normale
407,3715,1222,1393,2141,2288,1361,1129,9534,Normale,0,Normale,3941.43,Opération Normale
408,5620,1841,724,2403,3164,1067,1193,10392,Normale,1,Normale,4198.33,Opération Normale
409,2516,531,1298,1678,3107,559,1315,8488,Normale,2,Anomalie,3257.22,Alerte: Baisse critique
410,5743,1169,1007,2313,3717,1149,2808,12163,Normale,1,Normale,5425.79,Opération Normale
411,3743,784,860,1439,2390,538,2887,8898,Normale,0,Normale,4190.7,Opération Normale
412,4705,1828,1127,1932,3614,1039,1143,10683,Normale,0,Normale,4651.92,Opération Normale
413,5024,928,1255,1006,2214,548,1015,6966,Normale,1,Normale,4768.16,Opération Normale
414,3569,785,816,2219,3549,919,2325,10613,Normale,2,Normale,3868.03,Opération Normale
415,5944,1667,727,1420,2214,1136,1422,8586,Normale,1,Normale,5441.12,Opération Normale
416,5065,1947,459,1832,3426,512,1244,9420,Normale,1,Normale,4825.43,Opération Normale
417,4646,1542,448,2216,2127,1491,1926,9750,Normale,0,Normale,4504.74,Opération Normale
418,4268,517,1075,1558,3845,535,2130,9660,Normale,0,Normale,4359.85,Opération Normale
419,3560,1268,366,2171,3500,600,2111,10016,Normale,2,Normale,3789.44,Opération Normale
420,4827,1089,1313,2225,2759,1293,1128,9807,Normale,0,Normale,4637.46,Opération Normale
421,5920,1894,680,2467,2403,585,1906,9935,Normale,1,Normale,5364.51,Opération Normale
422,5044,1698,357,1913,3052,1015,1886,9921,Normale,1,Normale,4650.98,Opération Normale
423,2801,1509,641,2442,3815,722,1340,10469,Normale,2,Normale,3372.8,Opération Normale
424,2680,693,1453,2450,2337,837,1003,8773,Normale,2,Normale,3186.42,Opération Normale
425,3106,1001,1026,2006,2830,1459,2350,10672,Normale,2,Normale,3964.12,Opération Normale
426,5670,1487,1495,2498,2713,665,2433,11291,Normale,1,Normale,5231.48,Opération Normale
427,3199,1636,1069,1125,2360,882,2902,9974,Normale,2,Normale,3659.02,Opération Normale
428,3492,613,913,1394,2568,1355,1305,8148,Normale,2,Normale,3581.59,Opération Normale
429,3639,1745,653,1816,3415,1394,1907,10930,Normale,2,Normale,4577.69,Opération Normale
430,2690,1446,415,1880,2217,875,1606,8439,Normale,2,Normale,3246.01,Opération Normale
431,4800,1330,961,1575,3597,970,2744,11177,Normale,0,Normale,4524.45,Opération Normale
432,3480,1787,752,1324,3692,1289,2248,11092,Normale,2,Normale,4161.93,Opération Normale
433,5475,1424,586,2415,2201,1141,2994,10761,Normale,1,Normale,5116.85,Opération Normale
434,4506,554,1316,1929,2016,530,2371,8716,Normale,0,Normale,4319.0,Opération Normale
435,3684,1299,610,2463,2321,874,1991,9558,Normale,2,Normale,3939.63,Opération Normale
436,5827,1277,507,2227,2517,510,1320,8358,Normale,1,Normale,3741.96,Opération Normale
437,5894,1981,917,1832,3593,1487,1558,11368,Normale,1,Normale,5368.05,Opération Normale
438,2627,661,745,2054,3348,801,2204,9813,Normale,2,Normale,3154.23,Opération Normale
439,4565,1903,969,2411,3435,595,1617,10930,Normale,0,Normale,4507.18,Opération Normale
440,4316,586,932,2457,3341,689,1710,9715,Normale,0,Normale,4295.54,Opération Normale
441,4258,554,354,1836,2680,952,2409,8785,Normale,0,Normale,4349.04,Opération Normale
442,5113,1999,1211,1925,3988,691,2641,12455,Normale,1,Normale,4898.97,Opération Normale
443,3069,1701,1335,2399,3105,985,2815,12340,Normale,2,Normale,3384.17,Opération Normale
444,3846,1914,956,2367,3497,765,2795,12294,Normale,0,Normale,3994.15,Opération Normale
445,4395,1872,1279,1442,3491,923,2131,11138,Normale,0,Normale,4463.19,Opération Normale
446,5233,1531,814,1074,2424,627,1530,8000,Normale,1,Normale,4851.08,Opération Normale
447,3125,1332,536,1556,3968,737,1409,9538,Normale,2,Normale,3723.88,Opération Normale
448,5859,812,647,2178,3754,1419,2994,11804,Normale,1,Normale,5285.96,Opération Normale
449,5401,1258,926,2453,3712,854,2319,11522,Normale,1,Normale,4946.86,Opération Normale
450,4186,942,1427,1362,3227,1439,1817,10214,Normale,0,Normale,4169.74,Opération Normale
451,5509,827,929,1447,3606,611,2194,9614,Normale,1,Normale,4093.02,Opération Normale
452,2654,1577,663,2257,3018,1327,2354,11196,Normale,2,Normale,3362.95,Opération Normale
453,5037,1260,620,1261,2386,945,1492,7964,Normale,1,Normale,4691.36,Opération Normale
454,3909,1762,585,1124,2777,842,2218,9308,Normale,0,Normale,3966.53,Opération Normale
455,3284,1752,448,1910,2097,644,1011,7862,Normale,2,Normale,3656.01,Opération Normale
456,5675,1078,1407,1244,3368,564,1194,8855,Normale,1,Normale,5190.2,Opération Normale
457,5964,1574,705,1541,3826,746,1489,9881,Normale,1,Anomalie,5310.59,Alerte: Baisse critique
458,2745,1506,1277,1484,2207,1234,1794,9502,Normale,2,Normale,3416.75,Opération Normale
459,5747,1787,755,1121,3537,1490,1880,10570,Normale,1,Normale,5338.7,Opération Normale
460,5610,1941,1099,1124,3659,989,1181,9993,Normale,1,Normale,5096.84,Opération Normale
461,4000,595,1484,1169,3815,1324,1961,10348,Normale,0,Normale,3928.07,Opération Normale
462,4205,1611,1312,1123,2585,938,2840,10409,Normale,0,Normale,4018.73,Opération Normale
463,5306,1601,1083,2058,2165,605,1655,9167,Normale,1,Normale,4973.68,Opération Normale
464,3037,1811,759,2110,2021,680,2921,10302,Normale,2,Normale,3470.79,Opération Normale
465,4390,1643,1037,1645,2153,683,2339,9500,Normale,0,Normale,4376.1,Opération Normale
466,4341,1313,808,1785,3962,725,1693,10286,Normale,0,Normale,4422.31,Opération Normale
467,3420,990,780,1200,3462,1276,1029,8737,Normale,2,Normale,3784.56,Opération Normale
468,4955,951,413,1368,3318,1289,2619,9958,Normale,1,Normale,4657.34,Opération Normale
469,3024,664,1048,1796,2218,1408,2701,9835,Normale,2,Normale,3200.53,Opération Normale
470,5375,681,660,1076,2668,588,2819,8492,Normale,1,Normale,4658.79,Opération Normale
471,4029,968,640,1058,3518,1187,2816,10187,Normale,0,Normale,4246.68,Opération Normale
472,5450,1409,1069,1430,2229,1029,2119,9285,Normale,1,Normale,5178.9,Opération Normale
473,2535,1234,1060,1637,2019,870,2404,9224,Normale,2,Anomalie,3286.99,Alerte: Baisse critique
474,3184,1322,1268,1108,2552,1471,1777,9498,Normale,2,Normale,3669.25,Opération Normale
475,2519,1443,748,2007,2949,1435,1443,10025,Normale,2,Anomalie,3162.98,Alerte: Baisse critique
476,4868,506,1134,2301,2147,1412,1297,8797,Normale,0,Normale,4789.17,Opération Normale
477,5059,829,610,1067,3131,898,1807,8342,Normale,1,Normale,4887.91,Opération Normale
478,2899,1274,561,2092,2402,605,2760,9694,Normale,2,Normale,3314.32,Opération Normale
479,5201,650,705,2188,2595,770,1844,8752,Normale,1,Normale,3731.85,Opération Normale
480,3471,1608,442,1304,3506,1474,2015,10349,Normale,2,Normale,3788.53,Opération Normale
481,4406,646,641,1673,2366,1330,2384,9040,Normale,0,Normale,4464.41,Opération Normale
482,5018,1904,1424,1364,3857,1002,2397,11948,Normale,1,Normale,4773.66,Opération Normale
483,3666,1414,543,1820,3437,1178,1553,9945,Normale,2,Normale,3851.62,Opération Normale
484,3615,1808,789,2402,3332,1024,1302,10657,Normale,2,Normale,3776.44,Opération Normale
485,5925,1199,311,1342,2801,1348,1420,8421,Normale,1,Normale,5236.13,Opération Normale
486,3333,581,860,1946,2917,531,2269,9104,Normale,2,Normale,4182.96,Opération Normale
487,4323,1013,341,1898,3858,892,2743,10745,Normale,0,Normale,4377.5,Opération Normale
488,5274,1314,977,2377,3157,539,2260,10624,Normale,1,Normale,4875.71,Opération Normale
489,4482,1208,893,2439,3742,1159,2557,11998,Normale,0,Normale,4665.1,Opération Normale
490,3353,1245,1481,2132,3306,717,1184,10065,Normale,2,Normale,3756.11,Opération Normale
491,2550,1522,433,1761,3801,1230,1467,10214,Normale,2,Anomalie,3405.84,Alerte: Baisse critique
492,3074,1909,1390,1340,2072,1480,1753,9944,Normale,2,Normale,3415.33,Opération Normale
493,5761,1206,1330,1941,2480,581,1362,8900,Normale,1,Normale,4218.05,Opération Normale
494,3648,970,1247,1382,3375,1344,2306,10624,Normale,2,Normale,4423.56,Opération Normale
495,4697,1642,372,2003,2559,1219,2576,10371,Normale,0,Normale,4600.05,Opération Normale
496,4861,895,698,1299,3349,700,1335,8276,Normale,0,Normale,4645.05,Opération Normale
497,5117,760,877,1138,2744,946,1161,7626,Normale,1,Normale,4777.74,Opération Normale
498,5913,1304,1158,1358,3466,1343,2183,10812,Normale,1,Normale,5144.5,Opération Normale
499,4852,1433,429,1835,2099,927,2497,9220,Normale,0,Normale,3973.08,Opération Normale
500,4215,1779,1230,2408,3082,537,2624,11660,Normale,0,Normale,4278.13,Opération Normale
501,3181,1404,565,2303,2507,710,2345,9834,Normale,2,Normale,3515.04,Opération Normale
502,3337,1749,1092,1482,2257,943,1011,8534,Normale,2,Normale,4019.16,Opération Normale
503,3577,1576,552,1908,2412,826,2447,9721,Normale,2,Normale,3821.87,Opération Normale
504,5550,1439,1121,2134,3475,1260,2096,11525,Normale,1,Normale,5066.9,Opération Normale
505,4991,1353,463,1865,3088,726,1587,9082,Normale,1,Normale,4544.33,Opération Normale
506,5160,1887,394,1138,2594,547,2881,9441,Normale,1,Normale,4982.59,Opération Normale
507,5540,1803,1132,1995,3177,517,1200,9824,Normale,1,Normale,4981.87,Opération Normale
508,4811,1092,1433,1434,2265,1411,1521,9156,Normale,0,Normale,4596.08,Opération Normale
509,5624,1213,635,1508,2820,938,2887,10001,Normale,1,Normale,5015.76,Opération Normale
510,4095,1681,1121,1272,3102,1306,1504,9986,Normale,0,Normale,4179.58,Opération Normale
511,5551,1131,537,2122,3338,1207,2761,11096,Normale,1,Normale,5045.2,Opération Normale
512,2504,558,680,1103,2661,686,2711,8399,Normale,2,Anomalie,3218.94,Alerte: Baisse critique
513,3626,627,1198,2237,2946,844,1787,9639,Normale,2,Normale,4041.67,Opération Normale
514,3719,1235,782,1761,2559,723,2062,9122,Normale,0,Normale,3906.78,Opération Normale
515,3273,1220,1201,1786,2916,1329,1059,9511,Normale,2,Normale,3762.12,Opération Normale
516,3376,1638,1348,1164,2890,987,1577,9604,Normale,2,Normale,3691.37,Opération Normale
517,3491,1732,1440,1998,3271,1408,1320,11169,Normale,2,Normale,3816.53,Opération Normale
518,5431,1025,781,1519,3813,1376,2458,10972,Normale,1,Normale,5030.52,Opération Normale
519,5921,1020,1216,2307,2867,1348,2659,11417,Normale,1,Normale,5300.24,Opération Normale
520,2546,1051,1293,1516,2609,728,2699,9896,Normale,2,Anomalie,3153.3,Alerte: Baisse critique
521,5414,736,1263,1656,2413,889,2431,9388,Normale,1,Normale,4314.97,Opération Normale
522,5370,1804,836,1612,2024,1478,1922,9676,Normale,1,Normale,4096.4,Opération Normale
523,5483,1882,1402,1163,2283,1088,2409,10227,Normale,1,Normale,5212.09,Opération Normale
524,5203,1724,1496,1063,3472,687,2694,11136,Normale,1,Normale,5053.05,Opération Normale
525,2768,1801,1335,2114,2880,1357,1568,11055,Normale,2,Normale,3488.7,Opération Normale
526,2869,1758,427,2140,2300,769,2101,9495,Normale,2,Normale,4251.45,Opération Normale
527,3135,993,391,1266,3091,1106,2217,9064,Normale,2,Normale,4377.93,Opération Normale
528,3629,503,842,2163,3030,809,2308,9655,Normale,2,Normale,4269.73,Opération Normale
529,4193,1165,1145,1245,2816,631,1526,8528,Normale,0,Normale,4583.0,Opération Normale
530,4182,941,1288,1394,3160,1050,1523,9356,Normale,0,Normale,4262.91,Opération Normale
531,3156,528,746,1475,3187,571,1612,8119,Normale,2,Normale,3315.07,Opération Normale
532,2619,1632,689,1976,2082,1292,2179,9850,Normale,2,Normale,3664.77,Opération Normale
533,3330,1109,971,2207,3920,1344,2363,11914,Normale,2,Normale,3813.53,Opération Normale
534,4310,1304,342,2043,3673,1171,1124,9657,Normale,0,Normale,4127.39,Opération Normale
535,3581,574,553,1557,3443,686,1870,8683,Normale,2,Normale,3768.48,Opération Normale
536,4474,1337,1453,2017,3096,985,1279,10167,Normale,0,Normale,4333.86,Opération Normale
537,3869,1669,1383,1882,3260,690,1916,10800,Normale,0,Normale,3987.07,Opération Normale
538,3240,627,962,1146,2045,921,2929,8630,Normale,2,Normale,3808.64,Opération Normale
539,2616,541,766,1665,2617,619,1621,7829,Normale,2,Normale,3127.14,Opération Normale
540,4353,1879,586,2327,2927,719,1845,10283,Normale,0,Normale,4173.53,Opération Normale
541,5338,540,1310,1619,3823,552,2892,10736,Normale,1,Normale,4960.08,Opération Normale
542,3650,1433,1077,1819,2261,1233,2681,10504,Normale,2,Normale,3990.08,Opération Normale
543,5964,533,644,1863,2175,950,2751,8916,Normale,1,Anomalie,3920.19,Alerte: Baisse critique
544,4431,1540,941,1581,3189,911,2933,11095,Normale,0,Normale,4262.93,Opération Normale
545,3512,1676,681,2022,2656,1142,1673,9850,Normale,2,Normale,3972.72,Opération Normale
546,4164,1497,989,1694,2841,736,2151,9908,Normale,0,Normale,4167.24,Opération Normale
547,3581,1901,1379,2251,2369,1257,1313,10470,Normale,2,Normale,4073.14,Opération Normale
548,3133,1087,756,2125,3818,1237,1331,10354,Normale,2,Normale,4320.03,Opération Normale
549,3012,841,1282,2440,2053,1219,2173,10008,Normale,2,Normale,4568.72,Opération Normale
550,5349,526,382,2239,2689,905,2477,9218,Normale,1,Normale,5186.46,Opération Normale
551,3619,1810,1422,1406,3442,1107,1035,10222,Normale,2,Normale,4098.22,Opération Normale
552,3641,1145,448,1398,3779,921,2708,10399,Normale,2,Normale,3765.9,Opération Normale
553,3059,1230,1479,1714,3530,1211,2443,11607,Normale,2,Normale,3415.6,Opération Normale
554,2987,667,489,1703,3364,746,2045,9014,Normale,2,Normale,3857.85,Opération Normale
555,5808,1109,1182,1760,3150,571,1205,8977,Normale,1,Normale,5281.3,Opération Normale
556,3396,767,562,1498,3432,1329,1638,9226,Normale,2,Normale,3734.45,Opération Normale
557,5843,1320,1403,2488,3947,684,1847,11689,Normale,1,Normale,5507.18,Opération Normale
558,3712,954,699,1973,2366,505,2980,9477,Normale,0,Normale,3737.18,Opération Normale
559,3203,1405,1063,1081,3294,705,2379,9927,Normale,2,Normale,4535.83,Opération Normale
560,3970,1924,908,1603,2643,1043,1439,9560,Normale,0,Normale,4218.28,Opération Normale
561,3080,1421,1084,1771,3628,1110,1728,10742,Normale,2,Normale,3733.3,Opération Normale
562,5337,1480,400,1902,2378,1405,2119,9684,Normale,1,Normale,4966.59,Opération Normale
563,5408,1999,1119,1364,2072,886,2952,10392,Normale,1,Normale,4902.48,Opération Normale
564,4794,1201,1119,1162,3946,1267,1940,10635,Normale,0,Normale,4847.98,Opération Normale
565,5647,1133,719,2071,3945,1198,1163,10229,Normale,1,Normale,5042.55,Opération Normale
566,2653,629,423,1510,2914,575,1147,7198,Normale,2,Normale,3410.55,Opération Normale
567,4179,1519,721,2352,3271,676,2553,11092,Normale,0,Normale,4107.77,Opération Normale
568,3496,1886,1386,1115,2859,1326,1293,9865,Normale,2,Normale,3799.36,Opération Normale
569,5657,1318,1067,1940,3808,1298,1194,10625,Normale,1,Normale,5115.97,Opération Normale
570,5244,1192,782,1336,2042,848,1662,7862,Normale,1,Normale,4257.44,Opération Normale
571,5856,1815,818,1880,2376,754,1479,9122,Normale,1,Normale,5382.92,Opération Normale
572,3743,1894,454,1736,3064,1336,2900,11384,Normale,0,Normale,3731.35,Opération Normale
573,3592,1293,391,1839,2169,1201,1122,8015,Normale,2,Normale,3971.25,Opération Normale
574,5618,528,1281,1146,3969,807,2423,10154,Normale,1,Normale,5291.48,Opération Normale
575,3508,648,754,2346,2211,844,1698,8501,Normale,2,Normale,3710.42,Opération Normale
576,4641,1819,897,1442,3516,626,1964,10264,Normale,0,Normale,4506.4,Opération Normale
577,4273,510,809,1836,3703,1436,2475,10769,Normale,0,Normale,4337.31,Opération Normale
578,3457,1175,685,2036,2038,786,1660,8380,Normale,2,Normale,4134.51,Opération Normale
579,5559,1636,704,1942,2368,1265,2127,10042,Normale,1,Normale,5166.26,Opération Normale
580,2952,686,545,1286,2756,1224,2778,9275,Normale,2,Normale,3369.44,Opération Normale
581,3727,1306,1041,1719,2150,1261,2485,9962,Normale,0,Normale,3953.41,Opération Normale
582,5459,1243,960,2137,3134,1095,2766,11335,Normale,1,Normale,5151.19,Opération Normale
583,4765,1750,949,1479,3503,986,2741,11408,Normale,0,Normale,4366.91,Opération Normale
584,5021,1833,1200,1021,3459,882,1709,10104,Normale,1,Normale,4273.73,Opération Normale
585,4979,597,364,2372,3070,905,1395,8703,Normale,1,Normale,4720.99,Opération Normale
586,4888,554,1336,1682,3023,887,1911,9393,Normale,1,Normale,4417.47,Opération Normale
587,3050,1122,512,1905,3598,1024,2360,10521,Normale,2,Normale,3562.41,Opération Normale
588,4135,1163,541,1319,2736,1056,2004,8819,Normale,0,Normale,4335.09,Opération Normale
589,3812,1257,792,1125,3389,1138,2622,10323,Normale,0,Normale,4525.3,Opération Normale
590,5825,905,637,1276,2068,1437,2165,8488,Normale,1,Normale,4460.93,Opération Normale
591,4257,568,472,2227,2298,1125,1316,8006,Normale,0,Normale,4453.27,Opération Normale
592,2856,1835,971,1193,2943,1444,2734,11120,Normale,2,Normale,3162.37,Opération Normale
593,4570,1812,463,1695,2801,775,2581,10127,Normale,0,Normale,4398.76,Opération Normale
594,4285,1250,764,2309,2295,999,2823,10440,Normale,0,Normale,4320.29,Opération Normale
595,5069,1671,1294,1056,2202,1216,2550,9989,Normale,1,Normale,4341.61,Opération Normale
596,4281,1990,796,2326,2060,836,2579,10587,Normale,0,Normale,4182.03,Opération Normale
597,5671,1767,999,2186,2945,1449,2424,11770,Normale,1,Normale,4993.17,Opération Normale
598,5349,1457,694,1018,2962,1431,1680,9242,Normale,1,Normale,4907.97,Opération Normale
599,5751,864,1002,2393,3853,980,2333,11425,Normale,1,Normale,4353.97,Opération Normale
600,5794,981,607,1263,3337,1396,1494,9078,Normale,1,Normale,5184.51,Opération Normale
601,5309,700,482,1793,3184,1410,1555,9124,Normale,1,Normale,4749.41,Opération Normale
602,4989,653,928,1112,2330,1472,1609,8104,Normale,1,Normale,4677.12,Opération Normale
603,4131,1973,809,2350,3551,772,2796,12251,Normale,0,Normale,4250.51,Opération Normale
604,5316,572,845,1541,2337,1419,1108,7822,Normale,1,Normale,4137.45,Opération Normale
605,3515,1212,923,1646,3629,557,2818,10785,Normale,2,Normale,3776.65,Opération Normale
606,3848,795,893,1578,3327,827,1371,8791,Normale,0,Normale,4144.48,Opération Normale
607,3015,1540,1043,2088,3526,1230,1854,11281,Normale,2,Normale,3600.3,Opération Normale
608,5587,1740,853,2315,3673,608,1615,10804,Normale,1,Normale,5065.72,Opération Normale
609,5339,560,320,1024,3361,778,1767,7810,Normale,1,Normale,4964.57,Opération Normale
610,2835,1438,853,1000,3573,1185,2914,10963,Normale,2,Normale,3462.12,Opération Normale
611,4282,541,696,1910,2638,827,1205,7817,Normale,0,Normale,4212.82,Opération Normale
612,4805,524,924,1140,2274,1275,1846,7983,Normale,0,Normale,4667.25,Opération Normale
613,2996,1562,404,1647,3187,814,1042,8656,Normale,2,Normale,4289.89,Opération Normale
614,3395,630,491,1187,3466,973,1864,8611,Normale,2,Normale,3686.07,Opération Normale
615,4707,1752,316,2151,2318,610,2268,9415,Normale,0,Normale,4526.68,Opération Normale
616,3351,607,1443,1200,2588,1198,2310,9346,Normale,2,Normale,3655.81,Opération Normale
617,4187,671,692,2150,2503,1280,2378,9674,Normale,0,Normale,4313.9,Opération Normale
618,4431,1958,724,1256,3709,1434,1784,10865,Normale,0,Normale,4440.76,Opération Normale
619,5237,601,428,1546,2386,728,1475,7164,Normale,1,Normale,4854.73,Opération Normale
620,4927,1365,1453,1193,3993,996,1082,10082,Normale,1,Normale,4756.63,Opération Normale
621,4068,1023,871,1702,2869,655,2133,9253,Normale,0,Normale,3703.53,Opération Normale
622,3456,774,328,2127,2832,972,2973,10006,Normale,2,Normale,3820.2,Opération Normale
623,5238,1567,1420,2288,3014,1200,1189,10678,Normale,1,Normale,4813.97,Opération Normale
624,5998,1316,1333,1801,3911,771,1799,10931,Normale,1,Anomalie,5441.54,Alerte: Baisse critique
625,4136,1456,541,1941,2602,1386,1935,9861,Normale,0,Normale,4286.55,Opération Normale
626,3791,1540,531,2407,3773,501,2932,11684,Normale,0,Normale,4242.01,Opération Normale
627,3940,829,1088,2283,3799,1257,1250,10506,Normale,0,Normale,4154.56,Opération Normale
628,3691,511,1014,1413,2690,1221,2747,9596,Normale,2,Normale,3834.37,Opération Normale
629,3566,1841,1058,2381,2493,1010,1290,10073,Normale,2,Normale,3902.1,Opération Normale
630,2784,715,1101,2098,2489,1412,2668,10483,Normale,2,Normale,3187.86,Opération Normale
631,4944,838,1075,2378,2720,785,2224,10020,Normale,1,Normale,4662.17,Opération Normale
632,2511,1160,1025,1909,3096,1370,2820,11380,Normale,2,Anomalie,3077.46,Alerte: Baisse critique
633,4130,1604,499,1187,2508,512,1325,7635,Normale,0,Normale,3932.51,Opération Normale
634,5873,873,1244,2313,2389,1107,2534,10460,Normale,1,Normale,5606.36,Opération Normale
635,5824,1475,378,1044,3642,997,2432,9968,Normale,1,Normale,4325.54,Opération Normale
636,5046,1209,1255,1082,3880,1232,2630,11288,Normale,1,Normale,4646.68,Opération Normale
637,3253,1723,1155,2146,2294,737,2813,10868,Normale,2,Normale,3570.5,Opération Normale
638,4582,965,1496,1357,3392,593,2985,10788,Normale,0,Normale,4553.42,Opération Normale
639,5274,1612,766,2089,3979,837,2964,12247,Normale,1,Normale,4898.52,Opération Normale
640,5396,1791,880,1935,2795,1280,1836,10517,Normale,1,Normale,5052.0,Opération Normale
641,2589,988,1239,1374,2864,670,1507,8642,Normale,2,Anomalie,3175.94,Alerte: Baisse critique
642,3275,546,748,1161,3717,1480,1730,9382,Normale,2,Normale,3629.97,Opération Normale
643,5152,1811,386,2403,2548,1105,2624,10877,Normale,1,Normale,4595.19,Opération Normale
644,5517,1277,400,2381,2648,1160,1071,8937,Normale,1,Normale,4594.73,Opération Normale
645,4125,1539,1331,2211,3873,1123,2270,12347,Normale,0,Normale,4342.53,Opération Normale
646,5569,1210,1144,1321,2567,1066,1640,8948,Normale,1,Normale,5247.76,Opération Normale
647,2917,900,386,1449,3210,1348,2747,10040,Normale,2,Normale,3474.6,Opération Normale
648,2614,1480,342,2497,2852,1435,1939,10545,Normale,2,Normale,3369.68,Opération Normale
649,3116,1609,707,2036,2769,966,2878,10965,Normale,2,Normale,4091.88,Opération Normale
650,5767,749,963,1183,2444,1127,1607,8073,Normale,1,Normale,4179.99,Opération Normale
651,3325,890,1340,1110,3593,642,2610,10185,Normale,2,Normale,3661.56,Opération Normale
652,4149,834,447,1507,2362,700,2958,8808,Normale,0,Normale,3745.98,Opération Normale
653,4016,1128,576,2313,2122,679,1565,8383,Normale,0,Normale,4147.31,Opération Normale
654,5646,636,531,1294,3211,1213,2367,9252,Normale,1,Normale,5195.74,Opération Normale
655,2912,1382,665,2474,2741,863,2994,11119,Normale,2,Normale,3448.54,Opération Normale
656,5947,1187,735,1903,2679,978,2948,10430,Normale,1,Normale,4133.86,Opération Normale
657,5991,1326,698,2238,2419,1064,1053,8798,Normale,1,Anomalie,5568.79,Alerte: Baisse critique
658,3228,1226,798,1973,3649,970,2753,11369,Normale,2,Normale,3678.11,Opération Normale
659,5848,1093,839,1631,3275,883,1527,9248,Normale,1,Normale,5391.85,Opération Normale
660,5568,1746,862,2050,3642,1191,1610,11101,Normale,1,Normale,4594.18,Opération Normale
661,5308,1489,741,1732,3572,1425,2555,11514,Normale,1,Normale,5035.29,Opération Normale
662,3175,871,1072,2254,3358,916,2581,11052,Normale,2,Normale,4372.77,Opération Normale
663,5965,1434,649,1320,2091,1324,2986,9804,Normale,1,Anomalie,5143.19,Alerte: Baisse critique
664,4392,1494,819,1912,3553,807,1192,9777,Normale,0,Normale,4634.82,Opération Normale
665,5004,901,437,2256,3889,1148,2918,11549,Normale,1,Normale,4951.46,Opération Normale
666,5467,1966,1291,1436,2062,1193,1057,9005,Normale,1,Normale,5028.3,Opération Normale
667,4739,1114,667,1780,3685,866,2460,10572,Normale,0,Normale,4647.99,Opération Normale
668,5286,1796,659,2426,2511,500,2134,10026,Normale,1,Normale,4533.33,Opération Normale
669,3622,1682,1220,2076,3162,543,1128,9811,Normale,2,Normale,3914.06,Opération Normale
670,4071,1675,628,2336,3721,1238,2872,12470,Normale,0,Normale,4749.0,Opération Normale
671,3477,1494,1261,2304,3208,1342,1705,11314,Normale,2,Normale,3688.97,Opération Normale
672,3508,1119,762,1725,3228,597,2948,10379,Normale,2,Normale,3772.15,Opération Normale
673,4643,687,1245,1030,2771,1219,1851,8803,Normale,0,Normale,4571.74,Opération Normale
674,4187,1621,1262,1336,3237,764,2349,10569,Normale,0,Normale,4211.43,Opération Normale
675,5210,630,1135,1182,2255,1299,1007,7508,Normale,1,Normale,4680.8,Opération Normale
676,5761,1304,468,2046,2134,1282,1028,8262,Normale,1,Normale,5239.21,Opération Normale
677,2536,1694,516,1543,3596,639,2135,10123,Normale,2,Anomalie,4182.79,Alerte: Baisse critique
678,5940,1435,677,2469,2874,980,1946,10381,Normale,1,Normale,3712.31,Opération Normale
679,4048,1485,418,2097,2821,736,2696,10253,Normale,0,Normale,4086.17,Opération Normale
680,4826,682,489,2033,2087,1473,1130,7894,Normale,0,Normale,4712.29,Opération Normale
681,4764,1482,1066,2479,3859,1452,1187,11525,Normale,0,Normale,4664.65,Opération Normale
682,5414,863,669,1659,2987,1403,2698,10279,Normale,1,Normale,4889.16,Opération Normale
683,3372,538,448,1159,3230,571,1708,7654,Normale,2,Normale,3758.71,Opération Normale
684,4321,996,951,2037,3152,1166,2498,10800,Normale,0,Normale,4335.81,Opération Normale
685,3796,1872,1069,2201,2822,689,2387,11040,Normale,0,Normale,3884.42,Opération Normale
686,4609,1481,673,1411,3026,767,2227,9585,Normale,0,Normale,4361.64,Opération Normale
687,3095,1420,1080,2011,2973,820,1211,9515,Normale,2,Normale,4474.48,Opération Normale
688,4403,1920,459,1052,2933,606,2644,9614,Normale,0,Normale,4382.43,Opération Normale
689,3228,1221,650,1407,3777,731,1275,9061,Normale,2,Normale,4396.56,Opération Normale
690,3865,1684,1191,1846,2120,541,2096,9478,Normale,0,Normale,4270.66,Opération Normale
691,2896,515,822,2045,3408,1201,2702,10693,Normale,2,Normale,3298.32,Opération Normale
692,3198,992,821,2053,3637,1382,2795,11680,Normale,2,Normale,3991.34,Opération Normale
693,5590,1949,1082,1702,3061,638,1242,9674,Normale,1,Normale,5162.92,Opération Normale
694,4724,1631,572,1259,3364,1114,2810,10750,Normale,0,Normale,4496.72,Opération Normale
695,4135,1393,1235,2228,3007,1182,2125,11170,Normale,0,Normale,4388.44,Opération Normale
696,2895,1973,482,2082,2924,1362,1986,10809,Normale,2,Normale,3289.17,Opération Normale
697,4992,810,787,2494,2644,772,1684,9191,Normale,1,Normale,4142.45,Opération Normale
698,5804,1238,1145,1775,2713,980,1170,9021,Normale,1,Normale,5297.76,Opération Normale
699,2575,1693,423,2489,2859,915,1652,10031,Normale,2,Anomalie,3062.47,Alerte: Baisse critique
700,2764,1045,1284,2035,2020,1005,2932,10321,Normale,2,Normale,3378.98,Opération Normale
701,5002,913,1089,2313,2241,1232,1187,8975,Normale,1,Normale,4831.87,Opération Normale
702,4319,750,713,1849,2454,1224,2464,9454,Normale,0,Normale,4288.59,Opération Normale
703,3217,1258,1495,1353,2962,1352,2109,10529,Normale,2,Normale,3621.22,Opération Normale
704,5282,1664,985,2098,2620,923,2499,10789,Normale,1,Normale,4964.72,Opération Normale
705,5955,1797,412,1872,2302,906,1051,8340,Normale,1,Normale,5273.85,Opération Normale
706,3350,1939,1187,2464,3619,1067,1110,11386,Normale,2,Normale,3862.1,Opération Normale
707,3890,1562,421,1990,3618,889,2972,11452,Normale,0,Normale,4080.52,Opération Normale
708,2643,1313,338,2264,2802,841,1876,9434,Normale,2,Normale,3074.64,Opération Normale
709,3384,528,796,2017,2963,1445,2877,10626,Normale,2,Normale,3564.75,Opération Normale
710,5640,1457,1079,2177,2068,1113,2066,9960,Normale,1,Normale,5161.83,Opération Normale
711,5670,976,1242,2119,3152,1432,1210,10131,Normale,1,Normale,5111.66,Opération Normale
712,2895,817,448,1293,2195,992,2991,8736,Normale,2,Normale,3256.32,Opération Normale
713,5596,744,1321,1208,2139,691,2223,8326,Normale,1,Normale,4706.4,Opération Normale
714,5495,1247,960,2366,3467,998,2833,11871,Normale,1,Normale,4449.58,Opération Normale
715,5438,1196,601,2111,2282,1321,1857,9368,Normale,1,Normale,5035.49,Opération Normale
716,3992,771,537,1817,2311,1211,2775,9422,Normale,0,Normale,3903.01,Opération Normale
717,5722,1963,946,1389,2745,732,1626,9401,Normale,1,Normale,5254.6,Opération Normale
718,3667,1762,962,1324,3558,1444,2049,11099,Normale,2,Normale,3828.88,Opération Normale
719,5116,876,535,1939,3688,726,2942,10706,Normale,1,Normale,4743.88,Opération Normale
720,3562,765,502,1888,2276,870,1298,7599,Normale,2,Normale,3843.68,Opération Normale
721,4656,1425,555,2180,2060,638,2100,8958,Normale,0,Normale,4008.28,Opération Normale
722,3565,1420,897,1667,3342,1355,1923,10604,Normale,2,Normale,3581.81,Opération Normale
723,3709,1882,961,1632,3913,1316,1136,10840,Normale,0,Normale,3914.22,Opération Normale
724,5482,839,534,1576,2051,648,2043,7691,Normale,1,Normale,4785.61,Opération Normale
725,4945,888,833,1136,3879,614,1439,8789,Normale,1,Normale,4668.06,Opération Normale
726,5794,1076,1159,1427,2152,949,1210,7973,Normale,1,Normale,5497.7,Opération Normale
727,3133,502,1069,2475,3772,562,1751,10131,Normale,2,Normale,3569.48,Opération Normale
728,3656,1952,840,1611,3334,603,2574,10914,Normale,2,Normale,3897.72,Opération Normale
729,5734,1665,512,1910,3837,1350,1434,10708,Normale,1,Normale,5148.34,Opération Normale
730,3738,875,762,1818,2543,1370,1779,9147,Normale,0,Normale,3919.29,Opération Normale
731,3232,823,735,1140,2566,1167,2230,8661,Normale,2,Normale,3647.95,Opération Normale
732,2734,645,582,2106,3887,772,1438,9430,Normale,2,Anomalie,3336.45,Alerte: Baisse critique
733,5205,792,387,1176,3412,505,2997,9269,Normale,1,Normale,4808.49,Opération Normale
734,3250,931,1367,1197,3571,646,2802,10514,Normale,2,Normale,3579.82,Opération Normale
735,5135,1204,760,1623,2621,683,1665,8556,Normale,1,Normale,4606.99,Opération Normale
736,5580,1448,577,1690,3200,1497,2065,10477,Normale,1,Normale,5104.43,Opération Normale
737,5645,1084,720,2444,3385,527,1410,9570,Normale,1,Normale,4124.04,Opération Normale
738,3453,898,995,1400,2313,1461,2546,9613,Normale,2,Normale,3590.55,Opération Normale
739,5039,1316,814,1470,2806,1049,1805,9260,Normale,1,Normale,4701.9,Opération Normale
740,5460,1867,1002,1217,2847,618,1609,9160,Normale,1,Normale,4537.04,Opération Normale
741,5824,1463,318,1928,2096,792,1426,8023,Normale,1,Normale,3571.65,Opération Normale
742,5801,1663,322,1631,2880,870,2298,9664,Normale,1,Normale,5088.57,Opération Normale
743,4042,686,712,1950,3236,743,2471,9798,Normale,0,Normale,4095.15,Opération Normale
744,3697,560,1353,1905,2828,1079,1901,9626,Normale,2,Normale,3969.31,Opération Normale
745,4176,1438,407,1174,2136,1225,1941,8321,Normale,0,Normale,4200.06,Opération Normale
746,3691,1903,1451,1022,3029,717,2907,11029,Normale,2,Normale,4023.38,Opération Normale
747,4717,1209,1434,1234,3010,676,1741,9304,Normale,0,Normale,4540.42,Opération Normale
748,3916,1306,435,2036,2108,798,2392,9075,Normale,0,Normale,3924.8,Opération Normale
749,5493,1963,661,2124,2546,1175,2961,11430,Normale,1,Normale,4340.96,Opération Normale
750,5342,1842,428,1928,3062,557,2243,10060,Normale,1,Normale,4927.2,Opération Normale
751,5181,1825,814,1522,2661,768,2600,10190,Normale,1,Normale,4880.1,Opération Normale
752,3717,1867,748,2475,2424,807,2890,11211,Normale,0,Normale,3999.72,Opération Normale
753,4040,510,1427,1430,2629,1069,2255,9320,Normale,0,Normale,4036.58,Opération Normale
754,4576,1585,1173,1792,2260,787,1327,8924,Normale,0,Normale,4439.8,Opération Normale
755,5736,725,772,1532,3449,1476,2466,10420,Normale,1,Normale,5231.66,Opération Normale
756,3945,1676,1333,1978,2086,604,1051,8728,Normale,0,Normale,4173.95,Opération Normale
757,4886,1063,601,2316,2464,727,2909,10080,Normale,1,Normale,4666.79,Opération Normale
758,4019,1271,530,1809,2075,746,2966,9397,Normale,0,Normale,3996.8,Opération Normale
759,3888,1833,1222,1912,2470,1199,1375,10011,Normale,0,Normale,4177.05,Opération Normale
760,4356,1384,1389,2124,3999,993,1262,11151,Normale,0,Normale,4582.38,Opération Normale
761,3865,1766,1236,2327,3986,582,1266,11163,Normale,0,Normale,4846.03,Opération Normale
762,2999,1889,411,1870,2413,685,1358,8626,Normale,2,Normale,3800.61,Opération Normale
763,4180,1853,1336,1539,2824,751,2340,10643,Normale,0,Normale,4239.46,Opération Normale
764,3010,1630,799,2023,2894,854,2347,10547,Normale,2,Normale,4127.88,Opération Normale
765,5898,725,1231,2378,2725,1249,2944,11252,Normale,1,Normale,5127.28,Opération Normale
766,2716,1324,897,2326,2456,1371,2931,11305,Normale,2,Normale,3109.4,Opération Normale
767,3824,717,533,1226,3308,1195,2689,9668,Normale,0,Normale,4168.25,Opération Normale
768,3655,1436,901,2259,3262,1295,2893,12046,Normale,2,Normale,3780.78,Opération Normale
769,4327,1252,613,1872,3700,1396,2901,11734,Normale,0,Normale,4404.94,Opération Normale
770,5641,1005,865,1891,3622,1437,1651,10471,Normale,1,Normale,4876.11,Opération Normale
771,5823,758,1335,2478,2652,709,2962,10894,Normale,1,Normale,5261.35,Opération Normale
772,5986,553,508,2036,2671,1315,2586,9669,Normale,1,Anomalie,5183.86,Alerte: Baisse critique
773,4310,1570,1337,1209,3581,1307,2652,11656,Normale,0,Normale,4361.86,Opération Normale
774,4992,1226,1343,1740,3395,1108,2444,11256,Normale,1,Normale,4642.5,Opération Normale
775,5423,1188,886,1396,2494,946,1045,7955,Normale,1,Normale,4958.29,Opération Normale
776,3705,1622,1314,2123,3647,959,2844,12509,Normale,0,Normale,3888.38,Opération Normale
777,4714,1543,1393,1030,3942,1467,1599,10974,Normale,0,Normale,4657.4,Opération Normale
778,2590,918,1424,1897,3068,971,1719,9997,Normale,2,Anomalie,3370.75,Alerte: Baisse critique
779,3213,1189,997,1648,3424,1219,2912,11389,Normale,2,Normale,3660.47,Opération Normale
780,4381,1349,431,1328,3270,869,2292,9539,Normale,0,Normale,4386.75,Opération Normale
781,2538,561,1455,2189,3639,1399,1600,10843,Normale,2,Anomalie,3100.99,Alerte: Baisse critique
782,5697,1668,1343,2482,2596,1433,1380,10902,Normale,1,Normale,5028.74,Opération Normale
783,2672,715,835,1951,2449,991,1117,8058,Normale,2,Anomalie,3463.67,Alerte: Baisse critique
784,3152,502,1313,2123,2484,1422,2589,10433,Normale,2,Normale,3455.29,Opération Normale
785,3253,659,526,1620,2645,636,2976,9062,Normale,2,Normale,3495.28,Opération Normale
786,3743,1280,1477,2196,2619,866,1115,9553,Normale,0,Normale,3815.7,Opération Normale
787,3581,1643,1121,1161,3041,1411,2653,11030,Normale,2,Normale,3831.93,Opération Normale
788,4183,1392,1170,1775,3629,683,1259,9908,Normale,0,Normale,4486.97,Opération Normale
789,5023,1612,704,2286,2661,1087,2098,10448,Normale,1,Normale,4809.36,Opération Normale
790,2955,828,501,1273,2757,786,2503,8648,Normale,2,Normale,3344.61,Opération Normale
791,3328,1079,337,2026,2288,971,1304,8005,Normale,2,Normale,3455.86,Opération Normale
792,3394,1880,1241,2051,3437,874,1006,10489,Normale,2,Normale,3662.05,Opération Normale
793,3884,1790,487,1325,2720,1153,1365,8840,Normale,0,Normale,4116.99,Opération Normale
794,4458,1451,1380,1939,2637,1248,2657,11312,Normale,0,Normale,4413.7,Opération Normale
795,5572,1846,1240,2172,2234,1036,1522,10050,Normale,1,Normale,5251.83,Opération Normale
796,4934,1134,1343,1539,2415,1010,2371,9812,Normale,1,Normale,4642.62,Opération Normale
797,4496,1487,572,1487,2937,1301,2461,10245,Normale,0,Normale,4366.66,Opération Normale
798,4895,1718,1442,1821,2498,1078,2238,10795,Normale,1,Normale,4683.24,Opération Normale
799,2689,1420,882,2461,2973,749,1428,9913,Normale,2,Normale,3085.93,Opération Normale
800,3004,1237,815,2088,2633,1419,1790,9982,Normale,2,Normale,4300.21,Opération Normale
801,3714,1855,825,1355,3673,1009,2521,11238,Normale,0,Normale,4070.87,Opération Normale
802,4031,669,635,2275,3019,1129,2563,10290,Normale,0,Normale,4570.16,Opération Normale
803,5940,1020,997,1234,2114,572,1746,7683,Normale,1,Normale,4961.89,Opération Normale
804,5980,1986,1378,1226,2931,781,1366,9668,Normale,1,Anomalie,5504.2,Alerte: Baisse critique
805,3323,539,799,2336,2673,1415,1312,9074,Normale,2,Normale,3777.59,Opération Normale
806,3428,1784,1199,1048,3736,1459,1537,10763,Normale,2,Normale,3894.83,Opération Normale
807,3433,1918,1065,1117,3257,859,1920,10136,Normale,2,Normale,3751.99,Opération Normale
808,3640,1454,835,1053,3563,509,2077,9491,Normale,2,Normale,4033.85,Opération Normale
809,2633,1749,461,1564,3034,710,2564,10082,Normale,2,Anomalie,3275.5,Alerte: Baisse critique
810,4605,1483,893,2067,2205,1334,2490,10472,Normale,0,Normale,3920.59,Opération Normale
811,3184,1647,458,1052,3702,651,1864,9374,Normale,2,Normale,3884.71,Opération Normale
812,5219,1474,359,1557,2246,504,2187,8327,Normale,1,Normale,4726.15,Opération Normale
813,4720,537,1214,2125,3582,694,1781,9933,Normale,0,Normale,4384.25,Opération Normale
814,4352,827,510,1867,2757,1453,1333,8747,Normale,0,Normale,4170.63,Opération Normale
815,3314,1774,705,1397,3150,782,2570,10378,Normale,2,Normale,3757.14,Opération Normale
816,3672,1699,963,2161,2146,963,1797,9729,Normale,2,Normale,4477.2,Opération Normale
817,2579,1413,1432,1674,2117,612,1347,8595,Normale,2,Anomalie,3297.43,Alerte: Baisse critique
818,5433,953,1399,1386,3934,770,1272,9714,Normale,1,Normale,5248.96,Opération Normale
819,5784,536,841,1110,3405,662,1962,8516,Normale,1,Normale,5057.09,Opération Normale
820,2702,1839,1297,1613,2411,959,1719,9838,Normale,2,Normale,4636.72,Opération Normale
821,5311,1472,1440,1016,3687,604,2773,10992,Normale,1,Normale,4843.91,Opération Normale
822,3752,1295,1226,2205,3607,1192,2437,11962,Normale,0,Normale,4593.89,Opération Normale
823,4199,1472,1167,1883,2362,1055,1499,9438,Normale,0,Normale,4885.31,Opération Normale
824,3750,1092,318,1540,3532,781,2116,9379,Normale,0,Normale,3939.28,Opération Normale
825,4182,1637,731,1170,2136,1186,1684,8544,Normale,0,Normale,4324.77,Opération Normale
826,4055,1563,1039,1408,3198,661,1078,8947,Normale,0,Normale,4680.83,Opération Normale
827,5973,1824,482,1739,3312,1482,1621,10460,Normale,1,Anomalie,5435.71,Alerte: Baisse critique
828,4594,723,412,2401,2957,850,2240,9583,Normale,0,Normale,4468.85,Opération Normale
829,3756,817,780,2211,3504,933,1946,10191,Normale,0,Normale,4194.93,Opération Normale
830,5876,848,1469,1857,2018,1351,1357,8900,Normale,1,Normale,5248.1,Opération Normale
831,4049,614,1130,1229,2194,639,1617,7423,Normale,0,Normale,4138.02,Opération Normale
832,3666,1197,1436,1118,2329,970,1506,8556,Normale,2,Normale,4042.35,Opération Normale
833,5986,1846,1062,2179,3959,631,2582,12259,Normale,1,Anomalie,5414.25,Alerte: Baisse critique
834,3896,1563,775,1783,2174,586,2204,9085,Normale,0,Normale,3999.44,Opération Normale
835,5830,539,1062,1464,3001,1187,1575,8828,Normale,1,Normale,5221.28,Opération Normale
836,5203,1812,1270,1103,2448,682,2269,9584,Normale,1,Normale,4830.69,Opération Normale
837,2970,1785,1319,1697,3948,867,1243,10859,Normale,2,Normale,5076.59,Opération Normale
838,5518,715,1441,1174,2945,628,1505,8408,Normale,1,Normale,5038.12,Opération Normale
839,3535,1670,460,1744,3377,745,1421,9417,Normale,2,Normale,3854.34,Opération Normale
840,3853,835,700,2444,3522,1100,2343,10944,Normale,0,Normale,4073.18,Opération Normale
841,5283,1691,497,2157,2140,1077,2110,9672,Normale,1,Normale,5040.45,Opération Normale
842,5331,591,959,2414,2757,1169,1216,9106,Normale,1,Normale,4884.61,Opération Normale
843,3467,852,1370,1664,3920,1398,2513,11717,Normale,2,Normale,3931.77,Opération Normale
844,2857,1070,698,1032,2929,877,2542,9148,Normale,2,Normale,3439.46,Opération Normale
845,5519,1315,377,1054,2092,648,2301,7787,Normale,1,Normale,4304.32,Opération Normale
846,5979,1280,423,1518,3967,1484,2872,11544,Normale,1,Anomalie,5406.32,Alerte: Baisse critique
847,3167,862,374,1755,2238,1351,2745,9325,Normale,2,Normale,3327.58,Opération Normale
848,2872,1056,436,1011,2204,932,2008,7647,Normale,2,Normale,3369.04,Opération Normale
849,3531,1868,901,1719,2559,1127,2192,10366,Normale,2,Normale,4897.73,Opération Normale
850,3645,1693,1136,1554,3456,1225,1329,10393,Normale,2,Normale,3980.97,Opération Normale
851,3871,855,799,1372,2244,968,1649,7887,Normale,0,Normale,3965.26,Opération Normale
852,5223,690,437,1483,2831,945,2464,8850,Normale,1,Normale,4820.03,Opération Normale
853,2589,921,349,1972,3340,980,1390,8952,Normale,2,Anomalie,3203.23,Alerte: Baisse critique
854,5245,1199,1272,2251,2924,1383,2519,11548,Normale,1,Normale,4839.82,Opération Normale
855,5887,506,553,1622,2294,793,1380,7148,Normale,1,Normale,5202.31,Opération Normale
856,5749,632,1009,1306,2639,1264,2329,9179,Normale,1,Normale,5175.27,Opération Normale
857,3039,1056,862,1456,2855,642,1741,8612,Normale,2,Normale,3517.56,Opération Normale
858,5279,1325,1056,1159,3305,749,1819,9413,Normale,1,Normale,4933.79,Opération Normale
859,3368,1260,846,1330,2016,1377,1672,8501,Normale,2,Normale,4165.89,Opération Normale
860,2540,1554,1221,1775,2070,1447,1512,9579,Normale,2,Anomalie,3405.63,Alerte: Baisse critique
861,3239,1034,880,1224,3292,1474,2771,10675,Normale,2,Normale,3660.65,Opération Normale
862,4446,925,348,1982,3348,801,1948,9352,Normale,0,Normale,4093.83,Opération Normale
863,5049,1917,1216,1728,3817,524,2211,11413,Normale,1,Normale,4788.55,Opération Normale
864,5506,1171,1397,2479,2304,1288,1929,10568,Normale,1,Normale,5224.9,Opération Normale
865,5716,862,1003,2068,3474,1483,2539,11429,Normale,1,Normale,4252.5,Opération Normale
866,3724,1960,560,2237,3030,1388,1912,11087,Normale,0,Normale,3764.45,Opération Normale
867,3428,581,655,2082,3337,1389,1643,9687,Normale,2,Normale,4568.98,Opération Normale
868,4536,855,937,1643,2816,1400,1426,9077,Normale,0,Normale,4232.06,Opération Normale
869,5008,1781,1042,1615,3126,569,1501,9634,Normale,1,Normale,4889.84,Opération Normale
870,5279,1088,1309,1194,2820,1124,1729,9264,Normale,1,Normale,5109.04,Opération Normale
871,5299,794,1230,1488,2192,1374,2283,9361,Normale,1,Normale,4927.33,Opération Normale
872,3424,1747,940,1156,3776,611,2536,10766,Normale,2,Normale,3650.87,Opération Normale
873,5456,1569,1091,1609,3597,863,1070,9799,Normale,1,Normale,5213.18,Opération Normale
874,4081,1636,911,2249,2528,802,1477,9603,Normale,0,Normale,4168.17,Opération Normale
875,5824,1756,1108,1411,2170,970,2201,9616,Normale,1,Normale,5166.08,Opération Normale
876,2889,516,985,2228,3560,1463,1456,10208,Normale,2,Normale,3336.74,Opération Normale
877,4117,859,487,2102,2250,590,1188,7476,Normale,0,Normale,4024.34,Opération Normale
878,5430,1746,1284,2147,3788,1029,1290,11284,Normale,1,Normale,5021.38,Opération Normale
879,2755,1365,847,1470,3410,1160,2543,10795,Normale,2,Normale,4328.58,Opération Normale
880,3208,1199,1024,2241,3230,1487,2788,11969,Normale,2,Normale,3600.23,Opération Normale
881,4338,947,1225,1515,2540,1238,1919,9384,Normale,0,Normale,4368.21,Opération Normale
882,4444,1355,1175,2127,3652,1225,1291,10825,Normale,0,Normale,4335.12,Opération Normale
883,4997,864,917,1392,2415,1371,2969,9928,Normale,1,Normale,3696.63,Opération Normale
884,2509,1174,713,1630,2793,1162,1755,9227,Normale,2,Anomalie,4095.15,Alerte: Baisse critique
885,5371,1507,1202,1607,3403,691,2658,11068,Normale,1,Normale,4980.86,Opération Normale
886,3297,1849,462,1979,3167,1462,2834,11753,Normale,2,Normale,3726.03,Opération Normale
887,5813,966,569,1433,2024,1051,2306,8349,Normale,1,Normale,5272.89,Opération Normale
888,5822,913,931,2354,3845,741,2567,11351,Normale,1,Normale,5291.03,Opération Normale
889,3376,1978,1205,2166,2667,637,2869,11522,Normale,2,Normale,3648.86,Opération Normale
890,3528,1085,504,1539,3096,844,1376,8444,Normale,2,Normale,3781.71,Opération Normale
891,5690,1756,881,1277,2631,679,2681,9905,Normale,1,Normale,5171.51,Opération Normale
892,3515,1747,1140,1232,3847,1211,2179,11356,Normale,2,Normale,4468.0,Opération Normale
893,4324,1493,895,2113,3856,1002,1507,10866,Normale,0,Normale,4157.57,Opération Normale
894,2873,1935,549,2222,3116,702,2436,10960,Normale,2,Normale,3213.52,Opération Normale
895,5636,1071,1174,1361,2504,1072,1527,8709,Normale,1,Normale,5193.33,Opération Normale
896,4693,834,495,2464,3621,691,2378,10483,Normale,0,Normale,4360.84,Opération Normale
897,2723,1745,989,1025,2335,504,1558,8156,Normale,2,Normale,3189.59,Opération Normale
898,3762,536,1393,2048,2424,1389,2786,10576,Normale,0,Normale,3724.21,Opération Normale
899,4724,1488,938,2417,2498,736,2210,10287,Normale,0,Normale,4017.93,Opération Normale
900,4302,777,971,1506,3387,1192,2054,9887,Normale,0,Normale,4328.81,Opération Normale
901,3352,1719,1471,2324,2946,810,1259,10529,Normale,2,Normale,4300.17,Opération Normale
902,5853,1415,1243,2362,2629,1048,1420,10117,Normale,1,Normale,4676.22,Opération Normale
903,2562,983,498,1266,3768,555,2552,9622,Normale,2,Anomalie,3087.06,Alerte: Baisse critique
904,3740,1765,791,1460,3222,942,2574,10754,Normale,0,Normale,3953.6,Opération Normale
905,5374,1847,1195,1455,2717,736,1303,9253,Normale,1,Normale,4996.06,Opération Normale
906,5342,1230,441,2383,3436,1369,1941,10800,Normale,1,Normale,4947.38,Opération Normale
907,3188,691,464,2091,2338,1360,2967,9911,Normale,2,Normale,3636.37,Opération Normale
908,3984,1540,613,2006,2658,696,2062,9575,Normale,0,Normale,3957.38,Opération Normale
909,4133,1023,320,1862,2961,1084,2512,9762,Normale,0,Normale,4166.06,Opération Normale
910,4652,1417,1405,2435,3960,1070,2667,12954,Normale,0,Normale,4683.41,Opération Normale
911,5670,900,1454,1490,2428,1251,1541,9064,Normale,1,Normale,4961.75,Opération Normale
912,3010,1385,1283,2072,3806,1013,2693,12252,Normale,2,Normale,3348.57,Opération Normale
913,2884,1204,604,1563,2898,948,2301,9518,Normale,2,Normale,3541.35,Opération Normale
914,2904,521,670,2125,2138,859,2226,8539,Normale,2,Normale,4264.29,Opération Normale
915,5370,973,1152,1215,3716,1199,2089,10344,Normale,1,Normale,5073.42,Opération Normale
916,3017,1643,683,2461,2941,1318,1107,10153,Normale,2,Normale,3491.5,Opération Normale
917,2975,709,744,1558,2541,529,1267,7348,Normale,2,Normale,3862.34,Opération Normale
918,4500,805,724,1158,2056,1278,1221,7242,Normale,0,Normale,4491.75,Opération Normale
919,5256,1793,460,1488,3255,1487,2827,11310,Normale,1,Normale,4857.47,Opération Normale
920,4168,1203,928,1685,2657,607,2553,9633,Normale,0,Normale,4010.44,Opération Normale
921,4393,1186,1194,2265,2434,1343,2113,10535,Normale,0,Normale,4519.56,Opération Normale
922,5318,784,789,1793,2383,1434,1692,8875,Normale,1,Normale,4953.42,Opération Normale
923,3960,1215,1316,1004,2559,1101,1254,8449,Normale,0,Normale,4243.52,Opération Normale
924,5594,1262,626,1360,2193,1216,2478,9135,Normale,1,Normale,4241.2,Opération Normale
925,5544,1750,897,1458,3759,1390,1252,10506,Normale,1,Normale,5074.05,Opération Normale
926,5224,1447,1314,1247,3671,1467,1256,10402,Normale,1,Normale,4906.85,Opération Normale
927,3213,880,588,1945,2533,1458,1382,8786,Normale,2,Normale,3592.31,Opération Normale
928,2582,959,892,1421,2517,1459,1441,8689,Normale,2,Anomalie,3151.09,Alerte: Baisse critique
929,3668,1530,872,1014,2715,944,2881,9956,Normale,2,Normale,3772.06,Opération Normale
930,5656,528,327,1735,2750,1392,1598,8330,Normale,1,Normale,5258.38,Opération Normale
931,5649,1406,1253,2145,2184,937,2113,10038,Normale,1,Normale,4971.2,Opération Normale
932,5004,1556,342,1276,3895,1231,2772,11072,Normale,1,Normale,4697.59,Opération Normale
933,4401,1378,722,1452,2291,1389,1389,8621,Normale,0,Normale,4595.46,Opération Normale
934,4548,578,476,2413,3358,1105,1581,9511,Normale,0,Normale,4473.27,Opération Normale
935,2550,1446,828,2317,2731,956,2067,10345,Normale,2,Anomalie,3255.64,Alerte: Baisse critique
936,3184,958,1265,1597,2115,1114,2735,9784,Normale,2,Normale,4523.41,Opération Normale
937,3216,1069,497,1445,2824,1234,2687,9756,Normale,2,Normale,3439.69,Opération Normale
938,3969,1953,909,1209,3072,1197,1597,9937,Normale,0,Normale,4639.12,Opération Normale
939,2948,1237,1141,1713,2684,1480,1018,9273,Normale,2,Normale,3348.12,Opération Normale
940,3380,1808,1152,1301,2081,1195,2124,9661,Normale,2,Normale,3863.99,Opération Normale
941,2987,1015,321,2246,2833,994,2937,10346,Normale,2,Normale,4225.29,Opération Normale
942,4323,1622,1435,1002,2332,1173,1606,9170,Normale,0,Normale,4207.98,Opération Normale
943,4581,896,1380,1989,2556,746,2789,10356,Normale,0,Normale,4321.7,Opération Normale
944,5919,538,1389,2116,2334,1042,2380,9799,Normale,1,Normale,5287.0,Opération Normale
945,4642,1794,1141,1519,2531,1063,2565,10613,Normale,0,Normale,4745.71,Opération Normale
946,5643,1386,397,2451,3983,1356,2784,12357,Normale,1,Normale,5375.08,Opération Normale
947,4074,1296,1467,1492,2220,1087,2961,10523,Normale,0,Normale,4754.54,Opération Normale
948,4701,656,734,2258,2634,1396,1032,8710,Normale,0,Normale,4311.98,Opération Normale
949,2749,1598,936,1619,3769,938,2993,11853,Normale,2,Normale,3413.81,Opération Normale
950,3173,1383,1409,2184,3756,777,2252,11761,Normale,2,Normale,3574.7,Opération Normale
951,2937,1653,887,1330,2322,1051,2547,9790,Normale,2,Normale,3475.15,Opération Normale
952,4665,1473,643,1332,3874,1112,2653,11087,Normale,0,Normale,4565.66,Opération Normale
953,3270,1607,870,1049,2002,610,1861,7999,Normale,2,Normale,3668.89,Opération Normale
954,5877,1545,910,1862,3717,884,1154,10072,Normale,1,Normale,5360.0,Opération Normale
955,2767,1982,542,1271,2205,1332,2446,9778,Normale,2,Normale,3180.41,Opération Normale
956,4484,1348,860,1579,3855,1260,1904,10806,Normale,0,Normale,4444.5,Opération Normale
957,3577,1905,1259,2275,2039,690,2269,10437,Normale,2,Normale,3748.97,Opération Normale
958,2735,1247,331,1559,2058,989,1404,7588,Normale,2,Normale,3316.46,Opération Normale
959,2888,1963,690,1695,2950,1193,1843,10334,Normale,2,Normale,4516.21,Opération Normale
960,5537,1488,576,2113,2573,925,2782,10457,Normale,1,Normale,4999.74,Opération Normale
961,3262,520,831,1445,2643,904,2564,8907,Normale,2,Normale,3708.21,Opération Normale
962,4348,802,1477,2016,3530,834,2184,10843,Normale,0,Normale,4351.46,Opération Normale
963,4948,1368,682,2355,3595,708,1746,10454,Normale,1,Normale,4661.81,Opération Normale
964,3123,583,1391,2162,3907,521,2725,11289,Normale,2,Normale,3654.15,Opération Normale
965,5314,1976,1183,1356,2842,1177,2140,10674,Normale,1,Normale,4974.58,Opération Normale
966,5874,1910,513,1273,3145,1110,1270,9221,Normale,1,Normale,5213.92,Opération Normale
967,5466,1780,675,2042,3502,707,1769,10475,Normale,1,Normale,5000.17,Opération Normale
968,5778,1069,1043,1310,2618,507,2715,9262,Normale,1,Normale,5081.02,Opération Normale
969,3752,1433,512,1869,2095,1201,2510,9620,Normale,0,Normale,3823.0,Opération Normale
970,5400,1685,378,1885,3882,1186,2908,11924,Normale,1,Normale,5046.03,Opération Normale
971,3077,1686,927,1153,3437,1284,1171,9658,Normale,2,Normale,3451.13,Opération Normale
972,4622,1508,903,2413,3258,1028,2973,12083,Normale,0,Normale,4397.53,Opération Normale
973,2934,1292,1081,2283,2897,1101,1273,9927,Normale,2,Normale,4691.21,Opération Normale
974,4650,1291,1300,1619,3085,1152,1258,9705,Normale,0,Normale,4755.23,Opération Normale
975,5993,1794,979,1882,3279,1156,2158,11248,Normale,1,Anomalie,5404.18,Alerte: Baisse critique
976,3263,991,357,1796,2560,665,2706,9075,Normale,2,Normale,3437.91,Opération Normale
977,5285,707,1349,1124,2904,1348,2745,10177,Normale,1,Normale,3884.55,Opération Normale
978,5353,1583,1180,2377,2347,995,2771,11253,Normale,1,Normale,3991.88,Opération Normale
979,3829,929,746,2296,2670,1089,1421,9151,Normale,0,Normale,4001.91,Opération Normale
980,4645,1484,365,1618,3147,928,2444,9986,Normale,0,Normale,4470.07,Opération Normale
981,5345,1832,1367,1244,3505,1273,2209,11430,Normale,1,Normale,4964.81,Opération Normale
982,3858,1019,1420,1847,2316,662,2952,10216,Normale,0,Normale,4003.7,Opération Normale
983,5406,1090,1311,1449,3527,865,1363,9605,Normale,1,Normale,4911.54,Opération Normale
984,4982,1550,526,1929,2718,1025,2978,10726,Normale,1,Normale,4707.41,Opération Normale
985,2946,698,1073,2270,3071,738,2630,10480,Normale,2,Normale,4186.5,Opération Normale
986,4517,886,978,1519,3432,571,1377,8763,Normale,0,Normale,4599.88,Opération Normale
987,3831,848,900,2164,3955,944,2546,11357,Normale,0,Normale,4116.95,Opération Normale
988,2748,1459,678,1361,3159,1154,1579,9390,Normale,2,Normale,3293.29,Opération Normale
989,2665,1192,1008,1007,3224,1321,1890,9642,Normale,2,Normale,4349.83,Opération Normale
990,5531,877,606,1477,2249,1008,1721,7938,Normale,1,Normale,5120.53,Opération Normale
991,3858,1398,1078,2375,2313,1294,2219,10677,Normale,0,Normale,4240.24,Opération Normale
992,3519,1415,803,1494,3892,768,1880,10252,Normale,2,Normale,3783.14,Opération Normale
993,3041,1026,567,1832,3391,1252,2121,10189,Normale,2,Normale,3421.98,Opération Normale
994,3258,1676,307,2450,3452,914,1604,10403,Normale,2,Normale,3660.35,Opération Normale
995,5677,1233,807,2062,3853,744,1021,9720,Normale,1,Normale,4112.83,Opération Normale
996,4628,705,775,1592,2806,1174,2473,9525,Normale,0,Normale,4469.19,Opération Normale
997,4680,954,463,1186,3503,559,2195,8860,Normale,0,Normale,4353.69,Opération Normale
998,3296,1796,784,1753,3337,505,1382,9557,Normale,2,Normale,4546.71,Opération Normale
999,5447,1759,1395,1092,3523,1208,1133,10110,Normale,1,Normale,5053.51,Opération Normale
