Composant,Fuzzy_Failure_Probability
Disjoncteur,"(np.float64(0.7887373825337957), np.float64(0.8504510918854933))"
Transformateur,"(np.float64(0.6065463362259353), np.float64(0.6802062675265521))"
Parafoudre,"(np.float64(0.6883859777383509), np.float64(0.7595153089895683))"
Transformateur,"(np.float64(0.6065463362259353), np.float64(0.6802062675265521))"
Transformateur,"(np.float64(0.6065463362259353), np.float64(0.6802062675265521))"
Disjoncteur,"(np.float64(0.7887373825337957), np.float64(0.8504510918854933))"
Transformateur,"(np.float64(0.6065463362259353), np.float64(0.6802062675265521))"
Isolateur,"(np.float64(0.5403668664399788), np.float64(0.6132844609864938))"
Isolateur,"(np.float64(0.5403668664399788), np.float64(0.6132844609864938))"
Parafoudre,"(np.float64(0.6883859777383509), np.float64(0.7595153089895683))"
Isolateur,"(np.float64(0.5403668664399788), np.float64(0.6132844609864938))"
Disjoncteur,"(np.float64(0.7887373825337957), np.float64(0.8504510918854933))"
Transformateur,"(np.float64(0.6065463362259353), np.float64(0.6802062675265521))"
Isolateur,"(np.float64(0.5403668664399788), np.float64(0.6132844609864938))"
Disjoncteur,"(np.float64(0.7887373825337957), np.float64(0.8504510918854933))"
Transformateur,"(np.float64(0.6065463362259353), np.float64(0.6802062675265521))"
Disjoncteur,"(np.float64(0.7887373825337957), np.float64(0.8504510918854933))"
Transformateur,"(np.float64(0.6065463362259353), np.float64(0.6802062675265521))"
Parafoudre,"(np.float64(0.6883859777383509), np.float64(0.7595153089895683))"
Isolateur,"(np.float64(0.5403668664399788), np.float64(0.6132844609864938))"
Disjoncteur,"(np.float64(0.7887373825337957), np.float64(0.8504510918854933))"
Isolateur,"(np.float64(0.5403668664399788), np.float64(0.6132844609864938))"
Parafoudre,"(np.float64(0.6883859777383509), np.float64(0.7595153089895683))"
Disjoncteur,"(np.float64(0.7887373825337957), np.float64(0.8504510918854933))"
Disjoncteur,"(np.float64(0.7887373825337957), np.float64(0.8504510918854933))"
Transformateur,"(np.float64(0.6065463362259353), np.float64(0.6802062675265521))"
Disjoncteur,"(np.float64(0.7887373825337957), np.float64(0.8504510918854933))"
Disjoncteur,"(np.float64(0.7887373825337957), np.float64(0.8504510918854933))"
Isolateur,"(np.float64(0.5403668664399788), np.float64(0.6132844609864938))"
Parafoudre,"(np.float64(0.6883859777383509), np.float64(0.7595153089895683))"
Isolateur,"(np.float64(0.5403668664399788), np.float64(0.6132844609864938))"
Isolateur,"(np.float64(0.5403668664399788), np.float64(0.6132844609864938))"
Disjoncteur,"(np.float64(0.7887373825337957), np.float64(0.8504510918854933))"
Parafoudre,"(np.float64(0.6883859777383509), np.float64(0.7595153089895683))"
Isolateur,"(np.float64(0.5403668664399788), np.float64(0.6132844609864938))"
Isolateur,"(np.float64(0.5403668664399788), np.float64(0.6132844609864938))"
Disjoncteur,"(np.float64(0.7887373825337957), np.float64(0.8504510918854933))"
Conducteur,"(np.float64(0.4417760106716577), np.float64(0.5096076152605633))"
Parafoudre,"(np.float64(0.6883859777383509), np.float64(0.7595153089895683))"
Conducteur,"(np.float64(0.4417760106716577), np.float64(0.5096076152605633))"
Disjoncteur,"(np.float64(0.7887373825337957), np.float64(0.8504510918854933))"
Transformateur,"(np.float64(0.6065463362259353), np.float64(0.6802062675265521))"
Transformateur,"(np.float64(0.6065463362259353), np.float64(0.6802062675265521))"
Transformateur,"(np.float64(0.6065463362259353), np.float64(0.6802062675265521))"
Isolateur,"(np.float64(0.5403668664399788), np.float64(0.6132844609864938))"
Conducteur,"(np.float64(0.4417760106716577), np.float64(0.5096076152605633))"
Isolateur,"(np.float64(0.5403668664399788), np.float64(0.6132844609864938))"
Parafoudre,"(np.float64(0.6883859777383509), np.float64(0.7595153089895683))"
Transformateur,"(np.float64(0.6065463362259353), np.float64(0.6802062675265521))"
Transformateur,"(np.float64(0.6065463362259353), np.float64(0.6802062675265521))"
Transformateur,"(np.float64(0.6065463362259353), np.float64(0.6802062675265521))"
Isolateur,"(np.float64(0.5403668664399788), np.float64(0.6132844609864938))"
Transformateur,"(np.float64(0.6065463362259353), np.float64(0.6802062675265521))"
Isolateur,"(np.float64(0.5403668664399788), np.float64(0.6132844609864938))"
Parafoudre,"(np.float64(0.6883859777383509), np.float64(0.7595153089895683))"
Conducteur,"(np.float64(0.4417760106716577), np.float64(0.5096076152605633))"
Disjoncteur,"(np.float64(0.7887373825337957), np.float64(0.8504510918854933))"
Parafoudre,"(np.float64(0.6883859777383509), np.float64(0.7595153089895683))"
Parafoudre,"(np.float64(0.6883859777383509), np.float64(0.7595153089895683))"
Transformateur,"(np.float64(0.6065463362259353), np.float64(0.6802062675265521))"
Disjoncteur,"(np.float64(0.7887373825337957), np.float64(0.8504510918854933))"
Parafoudre,"(np.float64(0.6883859777383509), np.float64(0.7595153089895683))"
Parafoudre,"(np.float64(0.6883859777383509), np.float64(0.7595153089895683))"
Disjoncteur,"(np.float64(0.7887373825337957), np.float64(0.8504510918854933))"
Disjoncteur,"(np.float64(0.7887373825337957), np.float64(0.8504510918854933))"
Transformateur,"(np.float64(0.6065463362259353), np.float64(0.6802062675265521))"
Disjoncteur,"(np.float64(0.7887373825337957), np.float64(0.8504510918854933))"
Conducteur,"(np.float64(0.4417760106716577), np.float64(0.5096076152605633))"
Transformateur,"(np.float64(0.6065463362259353), np.float64(0.6802062675265521))"
Disjoncteur,"(np.float64(0.7887373825337957), np.float64(0.8504510918854933))"
Transformateur,"(np.float64(0.6065463362259353), np.float64(0.6802062675265521))"
Transformateur,"(np.float64(0.6065463362259353), np.float64(0.6802062675265521))"
Parafoudre,"(np.float64(0.6883859777383509), np.float64(0.7595153089895683))"
Isolateur,"(np.float64(0.5403668664399788), np.float64(0.6132844609864938))"
Transformateur,"(np.float64(0.6065463362259353), np.float64(0.6802062675265521))"
Conducteur,"(np.float64(0.4417760106716577), np.float64(0.5096076152605633))"
Conducteur,"(np.float64(0.4417760106716577), np.float64(0.5096076152605633))"
Disjoncteur,"(np.float64(0.7887373825337957), np.float64(0.8504510918854933))"
Isolateur,"(np.float64(0.5403668664399788), np.float64(0.6132844609864938))"
Parafoudre,"(np.float64(0.6883859777383509), np.float64(0.7595153089895683))"
Conducteur,"(np.float64(0.4417760106716577), np.float64(0.5096076152605633))"
Isolateur,"(np.float64(0.5403668664399788), np.float64(0.6132844609864938))"
Parafoudre,"(np.float64(0.6883859777383509), np.float64(0.7595153089895683))"
Conducteur,"(np.float64(0.4417760106716577), np.float64(0.5096076152605633))"
Isolateur,"(np.float64(0.5403668664399788), np.float64(0.6132844609864938))"
Isolateur,"(np.float64(0.5403668664399788), np.float64(0.6132844609864938))"
Disjoncteur,"(np.float64(0.7887373825337957), np.float64(0.8504510918854933))"
Transformateur,"(np.float64(0.6065463362259353), np.float64(0.6802062675265521))"
Parafoudre,"(np.float64(0.6883859777383509), np.float64(0.7595153089895683))"
Transformateur,"(np.float64(0.6065463362259353), np.float64(0.6802062675265521))"
Conducteur,"(np.float64(0.4417760106716577), np.float64(0.5096076152605633))"
Transformateur,"(np.float64(0.6065463362259353), np.float64(0.6802062675265521))"
Parafoudre,"(np.float64(0.6883859777383509), np.float64(0.7595153089895683))"
Disjoncteur,"(np.float64(0.7887373825337957), np.float64(0.8504510918854933))"
Transformateur,"(np.float64(0.6065463362259353), np.float64(0.6802062675265521))"
Transformateur,"(np.float64(0.6065463362259353), np.float64(0.6802062675265521))"
Disjoncteur,"(np.float64(0.7887373825337957), np.float64(0.8504510918854933))"
Isolateur,"(np.float64(0.5403668664399788), np.float64(0.6132844609864938))"
Transformateur,"(np.float64(0.6065463362259353), np.float64(0.6802062675265521))"
Conducteur,"(np.float64(0.4417760106716577), np.float64(0.5096076152605633))"
Isolateur,"(np.float64(0.5403668664399788), np.float64(0.6132844609864938))"
Disjoncteur,"(np.float64(0.7887373825337957), np.float64(0.8504510918854933))"
Conducteur,"(np.float64(0.4417760106716577), np.float64(0.5096076152605633))"
Conducteur,"(np.float64(0.4417760106716577), np.float64(0.5096076152605633))"
Disjoncteur,"(np.float64(0.7887373825337957), np.float64(0.8504510918854933))"
Transformateur,"(np.float64(0.6065463362259353), np.float64(0.6802062675265521))"
Conducteur,"(np.float64(0.4417760106716577), np.float64(0.5096076152605633))"
Transformateur,"(np.float64(0.6065463362259353), np.float64(0.6802062675265521))"
Conducteur,"(np.float64(0.4417760106716577), np.float64(0.5096076152605633))"
Transformateur,"(np.float64(0.6065463362259353), np.float64(0.6802062675265521))"
Disjoncteur,"(np.float64(0.7887373825337957), np.float64(0.8504510918854933))"
Disjoncteur,"(np.float64(0.7887373825337957), np.float64(0.8504510918854933))"
Conducteur,"(np.float64(0.4417760106716577), np.float64(0.5096076152605633))"
Parafoudre,"(np.float64(0.6883859777383509), np.float64(0.7595153089895683))"
Isolateur,"(np.float64(0.5403668664399788), np.float64(0.6132844609864938))"
Transformateur,"(np.float64(0.6065463362259353), np.float64(0.6802062675265521))"
Conducteur,"(np.float64(0.4417760106716577), np.float64(0.5096076152605633))"
Disjoncteur,"(np.float64(0.7887373825337957), np.float64(0.8504510918854933))"
Parafoudre,"(np.float64(0.6883859777383509), np.float64(0.7595153089895683))"
Transformateur,"(np.float64(0.6065463362259353), np.float64(0.6802062675265521))"
Conducteur,"(np.float64(0.4417760106716577), np.float64(0.5096076152605633))"
Transformateur,"(np.float64(0.6065463362259353), np.float64(0.6802062675265521))"
Parafoudre,"(np.float64(0.6883859777383509), np.float64(0.7595153089895683))"
Transformateur,"(np.float64(0.6065463362259353), np.float64(0.6802062675265521))"
Parafoudre,"(np.float64(0.6883859777383509), np.float64(0.7595153089895683))"
Disjoncteur,"(np.float64(0.7887373825337957), np.float64(0.8504510918854933))"
Conducteur,"(np.float64(0.4417760106716577), np.float64(0.5096076152605633))"
Parafoudre,"(np.float64(0.6883859777383509), np.float64(0.7595153089895683))"
Disjoncteur,"(np.float64(0.7887373825337957), np.float64(0.8504510918854933))"
Conducteur,"(np.float64(0.4417760106716577), np.float64(0.5096076152605633))"
Disjoncteur,"(np.float64(0.7887373825337957), np.float64(0.8504510918854933))"
Parafoudre,"(np.float64(0.6883859777383509), np.float64(0.7595153089895683))"
Transformateur,"(np.float64(0.6065463362259353), np.float64(0.6802062675265521))"
Parafoudre,"(np.float64(0.6883859777383509), np.float64(0.7595153089895683))"
Conducteur,"(np.float64(0.4417760106716577), np.float64(0.5096076152605633))"
Transformateur,"(np.float64(0.6065463362259353), np.float64(0.6802062675265521))"
Disjoncteur,"(np.float64(0.7887373825337957), np.float64(0.8504510918854933))"
Parafoudre,"(np.float64(0.6883859777383509), np.float64(0.7595153089895683))"
Conducteur,"(np.float64(0.4417760106716577), np.float64(0.5096076152605633))"
Isolateur,"(np.float64(0.5403668664399788), np.float64(0.6132844609864938))"
Isolateur,"(np.float64(0.5403668664399788), np.float64(0.6132844609864938))"
Isolateur,"(np.float64(0.5403668664399788), np.float64(0.6132844609864938))"
Isolateur,"(np.float64(0.5403668664399788), np.float64(0.6132844609864938))"
Isolateur,"(np.float64(0.5403668664399788), np.float64(0.6132844609864938))"
Conducteur,"(np.float64(0.4417760106716577), np.float64(0.5096076152605633))"
Conducteur,"(np.float64(0.4417760106716577), np.float64(0.5096076152605633))"
Parafoudre,"(np.float64(0.6883859777383509), np.float64(0.7595153089895683))"
Isolateur,"(np.float64(0.5403668664399788), np.float64(0.6132844609864938))"
Conducteur,"(np.float64(0.4417760106716577), np.float64(0.5096076152605633))"
Disjoncteur,"(np.float64(0.7887373825337957), np.float64(0.8504510918854933))"
Conducteur,"(np.float64(0.4417760106716577), np.float64(0.5096076152605633))"
Disjoncteur,"(np.float64(0.7887373825337957), np.float64(0.8504510918854933))"
Disjoncteur,"(np.float64(0.7887373825337957), np.float64(0.8504510918854933))"
Disjoncteur,"(np.float64(0.7887373825337957), np.float64(0.8504510918854933))"
Transformateur,"(np.float64(0.6065463362259353), np.float64(0.6802062675265521))"
Parafoudre,"(np.float64(0.6883859777383509), np.float64(0.7595153089895683))"
Isolateur,"(np.float64(0.5403668664399788), np.float64(0.6132844609864938))"
Disjoncteur,"(np.float64(0.7887373825337957), np.float64(0.8504510918854933))"
Transformateur,"(np.float64(0.6065463362259353), np.float64(0.6802062675265521))"
Conducteur,"(np.float64(0.4417760106716577), np.float64(0.5096076152605633))"
Disjoncteur,"(np.float64(0.7887373825337957), np.float64(0.8504510918854933))"
Parafoudre,"(np.float64(0.6883859777383509), np.float64(0.7595153089895683))"
Parafoudre,"(np.float64(0.6883859777383509), np.float64(0.7595153089895683))"
Transformateur,"(np.float64(0.6065463362259353), np.float64(0.6802062675265521))"
Disjoncteur,"(np.float64(0.7887373825337957), np.float64(0.8504510918854933))"
Isolateur,"(np.float64(0.5403668664399788), np.float64(0.6132844609864938))"
Transformateur,"(np.float64(0.6065463362259353), np.float64(0.6802062675265521))"
Transformateur,"(np.float64(0.6065463362259353), np.float64(0.6802062675265521))"
Isolateur,"(np.float64(0.5403668664399788), np.float64(0.6132844609864938))"
Parafoudre,"(np.float64(0.6883859777383509), np.float64(0.7595153089895683))"
Conducteur,"(np.float64(0.4417760106716577), np.float64(0.5096076152605633))"
Conducteur,"(np.float64(0.4417760106716577), np.float64(0.5096076152605633))"
Conducteur,"(np.float64(0.4417760106716577), np.float64(0.5096076152605633))"
Conducteur,"(np.float64(0.4417760106716577), np.float64(0.5096076152605633))"
Parafoudre,"(np.float64(0.6883859777383509), np.float64(0.7595153089895683))"
Parafoudre,"(np.float64(0.6883859777383509), np.float64(0.7595153089895683))"
Parafoudre,"(np.float64(0.6883859777383509), np.float64(0.7595153089895683))"
Transformateur,"(np.float64(0.6065463362259353), np.float64(0.6802062675265521))"
Transformateur,"(np.float64(0.6065463362259353), np.float64(0.6802062675265521))"
Conducteur,"(np.float64(0.4417760106716577), np.float64(0.5096076152605633))"
Disjoncteur,"(np.float64(0.7887373825337957), np.float64(0.8504510918854933))"
Conducteur,"(np.float64(0.4417760106716577), np.float64(0.5096076152605633))"
Disjoncteur,"(np.float64(0.7887373825337957), np.float64(0.8504510918854933))"
Isolateur,"(np.float64(0.5403668664399788), np.float64(0.6132844609864938))"
Parafoudre,"(np.float64(0.6883859777383509), np.float64(0.7595153089895683))"
Conducteur,"(np.float64(0.4417760106716577), np.float64(0.5096076152605633))"
Parafoudre,"(np.float64(0.6883859777383509), np.float64(0.7595153089895683))"
Isolateur,"(np.float64(0.5403668664399788), np.float64(0.6132844609864938))"
Disjoncteur,"(np.float64(0.7887373825337957), np.float64(0.8504510918854933))"
Isolateur,"(np.float64(0.5403668664399788), np.float64(0.6132844609864938))"
Isolateur,"(np.float64(0.5403668664399788), np.float64(0.6132844609864938))"
Parafoudre,"(np.float64(0.6883859777383509), np.float64(0.7595153089895683))"
Isolateur,"(np.float64(0.5403668664399788), np.float64(0.6132844609864938))"
Transformateur,"(np.float64(0.6065463362259353), np.float64(0.6802062675265521))"
Disjoncteur,"(np.float64(0.7887373825337957), np.float64(0.8504510918854933))"
Disjoncteur,"(np.float64(0.7887373825337957), np.float64(0.8504510918854933))"
Parafoudre,"(np.float64(0.6883859777383509), np.float64(0.7595153089895683))"
Parafoudre,"(np.float64(0.6883859777383509), np.float64(0.7595153089895683))"
Conducteur,"(np.float64(0.4417760106716577), np.float64(0.5096076152605633))"
Isolateur,"(np.float64(0.5403668664399788), np.float64(0.6132844609864938))"
